Shelf Id,Event Id,Timestamp, 
122s,1333,2017-12-25 12:12:05,
179s,1335,2017-12-25 12:14:05,
126s,1379,2017-12-25 12:48:05,
99s,1391,2017-12-25 12:56:05,
158s,1406,2017-12-25 13:25:05,
152s,1419,2017-12-25 13:34:05,
172s,1427,2017-12-25 13:39:05,
50s,1429,2017-12-25 13:40:05,
151s,1442,2017-12-25 13:46:05,
122s,1474,2017-12-25 14:06:05,
34s,1499,2017-12-25 14:22:05,
22s,1502,2017-12-25 14:26:05,
114s,1528,2017-12-25 14:43:05,
188s,1529,2017-12-25 14:43:05,
135s,1548,2017-12-25 14:56:05,
156s,1563,2017-12-25 15:06:05,
81s,1569,2017-12-25 15:08:05,
95s,1571,2017-12-25 15:10:05,
80s,1575,2017-12-25 15:12:05,
199s,1590,2017-12-25 15:22:05,
119s,1598,2017-12-25 15:25:05,
180s,1604,2017-12-25 15:29:05,
112s,1625,2017-12-25 15:42:05,
26s,1666,2017-12-25 16:13:05,
163s,1667,2017-12-25 16:13:05,
125s,1669,2017-12-25 16:14:05,
75s,1677,2017-12-25 16:20:05,
186s,1691,2017-12-25 16:33:05,
105s,1713,2017-12-25 16:43:05,
60s,1725,2017-12-25 16:50:05,
147s,1744,2017-12-25 17:06:05,
123s,1749,2017-12-25 17:08:05,
104s,1765,2017-12-25 17:20:05,
185s,1768,2017-12-25 17:22:05,
94s,1769,2017-12-25 17:22:05,
107s,1771,2017-12-25 17:23:05,
14s,1782,2017-12-25 17:31:05,
55s,1794,2017-12-25 17:39:05,
28s,1795,2017-12-25 17:39:05,
137s,1830,2017-12-25 18:04:05,
183s,1831,2017-12-25 18:05:05,
33s,1833,2017-12-25 18:05:05,
32s,1847,2017-12-25 18:11:05,
62s,1851,2017-12-25 18:15:05,
174s,1855,2017-12-25 18:16:05,
148s,1860,2017-12-25 18:20:05,
167s,1866,2017-12-25 18:22:05,
27s,1876,2017-12-25 18:28:05,
164s,1884,2017-12-25 18:34:05,
72s,1903,2017-12-25 18:48:05,
131s,1906,2017-12-25 18:50:05,
71s,1919,2017-12-25 19:00:05,
41s,1937,2017-12-25 19:19:05,
175s,1940,2017-12-25 19:21:05,
168s,1957,2017-12-25 19:30:05,
20s,1967,2017-12-25 19:48:05,
153s,1987,2017-12-25 20:02:05,
169s,2008,2017-12-25 20:15:05,
121s,2019,2017-12-25 20:23:05,
54s,2020,2017-12-25 20:23:05,
93s,2029,2017-12-25 20:27:05,
83s,2038,2017-12-25 20:33:05,
173s,2039,2017-12-25 20:33:05,
53s,2048,2017-12-25 20:40:05,
16s,2055,2017-12-25 20:45:05,
106s,2062,2017-12-25 20:50:05,
18s,2084,2017-12-25 21:04:05,
45s,2088,2017-12-25 21:07:05,
82s,2112,2017-12-25 21:21:05,
6s,2113,2017-12-25 21:21:05,
110s,2152,2017-12-25 21:48:05,
3s,2164,2017-12-25 21:57:05,
108s,2167,2017-12-25 21:59:05,
190s,2171,2017-12-25 22:00:05,
11s,2183,2017-12-25 22:09:05,
91s,2187,2017-12-25 22:12:05,
51s,2201,2017-12-25 22:23:05,
77s,2235,2017-12-25 22:42:05,
150s,2245,2017-12-25 22:48:05,
158s,2258,2017-12-25 22:54:05,
111s,2268,2017-12-25 23:01:05,
114s,2269,2017-12-25 23:01:05,
50s,2292,2017-12-25 23:16:05,
152s,2310,2017-12-25 23:25:05,
170s,2361,2017-12-25 23:55:05,
187s,2376,2017-12-26 00:04:05,
130s,2391,2017-12-26 00:14:05,
155s,2428,2017-12-26 00:37:05,
19s,2433,2017-12-26 00:43:05,
101s,2448,2017-12-26 00:55:05,
193s,2468,2017-12-26 01:08:05,
154s,2516,2017-12-26 01:45:05,
92s,2533,2017-12-26 01:59:05,
142s,2561,2017-12-26 02:30:05,
44s,2564,2017-12-26 02:32:05,
160s,2752,2017-12-26 04:52:05,
91s,2792,2017-12-26 05:19:05,
158s,2797,2017-12-26 05:21:05,
106s,2800,2017-12-26 05:23:05,
42s,2803,2017-12-26 05:25:05,
41s,2805,2017-12-26 05:27:05,
125s,2807,2017-12-26 05:29:05,
128s,2813,2017-12-26 05:34:05,
190s,2814,2017-12-26 05:34:05,
176s,2827,2017-12-26 05:44:05,
28s,2829,2017-12-26 05:44:05,
93s,2846,2017-12-26 05:56:05,
112s,2856,2017-12-26 06:05:05,
20s,2861,2017-12-26 06:10:05,
81s,2862,2017-12-26 06:10:05,
95s,2865,2017-12-26 06:12:05,
35s,2868,2017-12-26 06:14:05,
156s,2869,2017-12-26 06:15:05,
96s,2874,2017-12-26 06:19:05,
173s,2875,2017-12-26 06:19:05,
123s,2882,2017-12-26 06:25:05,
147s,2907,2017-12-26 06:45:05,
3s,2909,2017-12-26 06:46:05,
53s,2913,2017-12-26 06:48:05,
60s,2916,2017-12-26 06:49:05,
126s,2918,2017-12-26 06:51:05,
153s,2919,2017-12-26 06:51:05,
26s,2924,2017-12-26 06:53:05,
94s,2930,2017-12-26 06:55:05,
121s,2936,2017-12-26 07:01:05,
137s,2937,2017-12-26 07:01:05,
62s,2938,2017-12-26 07:01:05,
188s,2940,2017-12-26 07:02:05,
50s,2959,2017-12-26 07:16:05,
141s,2970,2017-12-26 07:24:05,
131s,2983,2017-12-26 07:32:05,
65s,2996,2017-12-26 07:40:05,
63s,2999,2017-12-26 07:41:05,
4s,3004,2017-12-26 07:45:05,
170s,3005,2017-12-26 07:45:05,
75s,3013,2017-12-26 07:51:05,
177s,3020,2017-12-26 07:56:05,
59s,3024,2017-12-26 07:58:05,
23s,3029,2017-12-26 08:01:05,
30s,3055,2017-12-26 08:15:05,
99s,3081,2017-12-26 08:37:05,
191s,3125,2017-12-26 09:11:05,
164s,3217,2017-12-26 10:33:05,
198s,3232,2017-12-26 10:46:05,
85s,3295,2017-12-26 11:51:05,
118s,3310,2017-12-26 12:00:05,
68s,3319,2017-12-26 12:04:05,
136s,3339,2017-12-26 12:24:05,
152s,3352,2017-12-26 12:31:05,
108s,3353,2017-12-26 12:31:05,
74s,3364,2017-12-26 12:37:05,
16s,3396,2017-12-26 13:05:05,
161s,3428,2017-12-26 13:42:05,
12s,3449,2017-12-26 14:07:05,
170s,3523,2017-12-26 14:49:05,
93s,3530,2017-12-26 14:56:05,
70s,3540,2017-12-26 15:05:05,
160s,3558,2017-12-26 15:17:05,
188s,3562,2017-12-26 15:19:05,
59s,3564,2017-12-26 15:20:05,
123s,3565,2017-12-26 15:20:05,
28s,3567,2017-12-26 15:21:05,
112s,3578,2017-12-26 15:29:05,
177s,3581,2017-12-26 15:31:05,
63s,3582,2017-12-26 15:31:05,
38s,3592,2017-12-26 15:54:05,
81s,3595,2017-12-26 15:55:05,
62s,3603,2017-12-26 16:01:05,
53s,3605,2017-12-26 16:02:05,
106s,3613,2017-12-26 16:07:05,
121s,3614,2017-12-26 16:08:05,
173s,3615,2017-12-26 16:08:05,
14s,3623,2017-12-26 16:15:05,
179s,3628,2017-12-26 16:19:05,
156s,3634,2017-12-26 16:22:05,
25s,3656,2017-12-26 16:32:05,
7s,3666,2017-12-26 16:38:05,
19s,3701,2017-12-26 17:00:05,
60s,3704,2017-12-26 17:03:05,
171s,3720,2017-12-26 17:15:05,
101s,3725,2017-12-26 17:17:05,
16s,3729,2017-12-26 17:20:05,
198s,3731,2017-12-26 17:20:05,
168s,3743,2017-12-26 17:29:05,
182s,3793,2017-12-26 18:06:05,
61s,3815,2017-12-26 18:22:05,
72s,3865,2017-12-26 19:20:05,
13s,3895,2017-12-26 19:54:05,
127s,3901,2017-12-26 19:57:05,
161s,3915,2017-12-26 20:08:05,
172s,3916,2017-12-26 20:12:05,
108s,3968,2017-12-26 21:12:05,
154s,3981,2017-12-26 21:25:05,
69s,3988,2017-12-26 21:30:05,
26s,3991,2017-12-26 21:32:05,
134s,4030,2017-12-26 22:16:05,
56s,4065,2017-12-26 23:00:05,
76s,4098,2017-12-26 23:30:05,
159s,4116,2017-12-26 23:45:05,
57s,4149,2017-12-27 00:12:05,
151s,4165,2017-12-27 00:27:05,
90s,4183,2017-12-27 00:42:05,
33s,4201,2017-12-27 00:55:05,
78s,4214,2017-12-27 01:05:05,
17s,4215,2017-12-27 01:05:05,
31s,4240,2017-12-27 01:25:05,
143s,4250,2017-12-27 01:35:05,
34s,4261,2017-12-27 01:47:05,
166s,4294,2017-12-27 02:27:05,
140s,4314,2017-12-27 02:52:05,
175s,4328,2017-12-27 03:09:05,
39s,4366,2017-12-27 03:52:05,
149s,4393,2017-12-27 04:47:05,
178s,4420,2017-12-27 05:38:05,
138s,4456,2017-12-27 06:14:05,
21s,4460,2017-12-27 06:17:05,
141s,4504,2017-12-27 06:52:05,
66s,4536,2017-12-27 07:28:05,
148s,4554,2017-12-27 07:51:05,
146s,4573,2017-12-27 08:14:05,
174s,4667,2017-12-27 11:15:05,
184s,4675,2017-12-27 11:28:05,
124s,4690,2017-12-27 11:44:05,
117s,4717,2017-12-27 12:16:05,
190s,4746,2017-12-27 13:00:05,
45s,4768,2017-12-27 13:30:05,
97s,4804,2017-12-27 14:19:05,
4s,4807,2017-12-27 14:23:05,
167s,4815,2017-12-27 14:26:05,
162s,4871,2017-12-27 15:35:05,
0s,4875,2017-12-27 15:41:05,
22s,4906,2017-12-27 16:20:05,
104s,4942,2017-12-27 17:09:05,
67s,4971,2017-12-27 17:42:05,
87s,4973,2017-12-27 17:44:05,
51s,4998,2017-12-27 18:13:05,
99s,5007,2017-12-27 18:21:05,
100s,5024,2017-12-27 18:49:05,
95s,5053,2017-12-27 19:41:05,
137s,5083,2017-12-27 20:18:05,
133s,5092,2017-12-27 20:28:05,
42s,5104,2017-12-27 20:44:05,
88s,5134,2017-12-27 21:19:05,
80s,5145,2017-12-27 21:40:05,
140s,5302,2017-12-27 23:20:05,
134s,5303,2017-12-27 23:20:05,
156s,5306,2017-12-27 23:23:05,
144s,5307,2017-12-27 23:23:05,
17s,5308,2017-12-27 23:23:05,
143s,5312,2017-12-27 23:27:05,
101s,5315,2017-12-27 23:29:05,
62s,5316,2017-12-27 23:29:05,
76s,5320,2017-12-27 23:33:05,
25s,5321,2017-12-27 23:33:05,
78s,5324,2017-12-27 23:35:05,
57s,5326,2017-12-27 23:37:05,
79s,5328,2017-12-27 23:38:05,
72s,5332,2017-12-27 23:42:05,
108s,5333,2017-12-27 23:42:05,
14s,5338,2017-12-27 23:47:05,
159s,5339,2017-12-27 23:47:05,
19s,5347,2017-12-27 23:54:05,
60s,5348,2017-12-27 23:54:05,
179s,5361,2017-12-28 00:06:05,
176s,5373,2017-12-28 00:16:05,
28s,5380,2017-12-28 00:23:05,
121s,5382,2017-12-28 00:23:05,
128s,5383,2017-12-28 00:23:05,
53s,5385,2017-12-28 00:24:05,
112s,5388,2017-12-28 00:27:05,
81s,5389,2017-12-28 00:27:05,
106s,5391,2017-12-28 00:29:05,
123s,5397,2017-12-28 00:33:05,
4s,5401,2017-12-28 00:36:05,
188s,5405,2017-12-28 00:38:05,
66s,5420,2017-12-28 00:48:05,
158s,5431,2017-12-28 00:58:05,
51s,5433,2017-12-28 01:00:05,
55s,5435,2017-12-28 01:02:05,
117s,5437,2017-12-28 01:02:05,
95s,5440,2017-12-28 01:06:05,
102s,5441,2017-12-28 01:06:05,
173s,5444,2017-12-28 01:09:05,
11s,5446,2017-12-28 01:10:05,
160s,5449,2017-12-28 01:11:05,
41s,5454,2017-12-28 01:13:05,
21s,5455,2017-12-28 01:13:05,
149s,5460,2017-12-28 01:16:05,
91s,5461,2017-12-28 01:16:05,
18s,5494,2017-12-28 01:33:05,
116s,5676,2017-12-28 04:59:05,
34s,5685,2017-12-28 05:14:05,
136s,5730,2017-12-28 06:12:05,
165s,5763,2017-12-28 07:02:05,
192s,5768,2017-12-28 07:11:05,
155s,5854,2017-12-28 09:14:05,
6s,5871,2017-12-28 09:35:05,
133s,5893,2017-12-28 10:12:05,
152s,5925,2017-12-28 10:48:05,
43s,5970,2017-12-28 11:34:05,
88s,5973,2017-12-28 11:36:05,
7s,6016,2017-12-28 12:50:05,
161s,6017,2017-12-28 12:51:05,
139s,6046,2017-12-28 13:42:05,
100s,6065,2017-12-28 14:21:05,
89s,6086,2017-12-28 14:45:05,
119s,6105,2017-12-28 15:08:05,
10s,6142,2017-12-28 16:05:05,
132s,6210,2017-12-28 17:55:05,
199s,6252,2017-12-28 18:41:05,
138s,6259,2017-12-28 18:46:05,
147s,6271,2017-12-28 18:58:05,
103s,6278,2017-12-28 19:04:05,
181s,6361,2017-12-28 21:24:05,
197s,6411,2017-12-28 22:35:05,
109s,6412,2017-12-28 22:35:05,
28s,6503,2017-12-29 00:05:05,
192s,6504,2017-12-29 00:05:05,
19s,6527,2017-12-29 00:24:05,
154s,6530,2017-12-29 00:27:05,
101s,6533,2017-12-29 00:30:05,
133s,6537,2017-12-29 00:32:05,
173s,6545,2017-12-29 00:38:05,
69s,6564,2017-12-29 00:53:05,
104s,6566,2017-12-29 00:56:05,
149s,6570,2017-12-29 00:59:05,
122s,6571,2017-12-29 00:59:05,
6s,6573,2017-12-29 01:00:05,
119s,6574,2017-12-29 01:00:05,
118s,6578,2017-12-29 01:03:05,
108s,6581,2017-12-29 01:15:05,
79s,6583,2017-12-29 01:15:05,
106s,6589,2017-12-29 01:19:05,
160s,6593,2017-12-29 01:21:05,
57s,6614,2017-12-29 01:31:05,
11s,6622,2017-12-29 01:41:05,
105s,6623,2017-12-29 01:41:05,
188s,6624,2017-12-29 01:41:05,
147s,6629,2017-12-29 01:46:05,
40s,6630,2017-12-29 01:46:05,
51s,6635,2017-12-29 01:48:05,
109s,6670,2017-12-29 02:26:05,
141s,6671,2017-12-29 02:26:05,
190s,6748,2017-12-29 03:26:05,
153s,6767,2017-12-29 03:50:05,
191s,6796,2017-12-29 04:37:05,
113s,6798,2017-12-29 04:42:05,
186s,6827,2017-12-29 05:21:05,
14s,6839,2017-12-29 05:36:05,
136s,6844,2017-12-29 05:43:05,
50s,6885,2017-12-29 06:28:05,
22s,6892,2017-12-29 06:31:05,
193s,6896,2017-12-29 06:36:05,
174s,6947,2017-12-29 08:10:05,
31s,6986,2017-12-29 09:05:05,
181s,6992,2017-12-29 09:10:05,
187s,7018,2017-12-29 09:45:05,
0s,7065,2017-12-29 11:04:05,
47s,7080,2017-12-29 11:16:05,
132s,7083,2017-12-29 11:17:05,
135s,7115,2017-12-29 12:22:05,
151s,7124,2017-12-29 12:39:05,
35s,7158,2017-12-29 13:24:05,
83s,7191,2017-12-29 14:37:05,
66s,7199,2017-12-29 14:49:05,
34s,7227,2017-12-29 15:40:05,
71s,7242,2017-12-29 16:03:05,
10s,7334,2017-12-29 18:53:05,
39s,7389,2017-12-29 21:57:05,
126s,7390,2017-12-29 21:58:05,
29s,7433,2017-12-30 01:52:05,
95s,7455,2017-12-30 02:26:05,
143s,7475,2017-12-30 03:01:05,
20s,7520,2017-12-30 06:56:05,
99s,7532,2017-12-30 07:16:05,
87s,7562,2017-12-30 07:51:05,
24s,7602,2017-12-30 09:07:05,
70s,7634,2017-12-30 09:58:05,
127s,7649,2017-12-30 10:17:05,
115s,7683,2017-12-30 11:06:05,
165s,7684,2017-12-30 11:08:05,
65s,7722,2017-12-30 12:05:05,
100s,7725,2017-12-30 12:08:05,
169s,7746,2017-12-30 12:33:05,
4s,7773,2017-12-30 13:04:05,
150s,7774,2017-12-30 13:04:05,
171s,7806,2017-12-30 13:42:05,
59s,7807,2017-12-30 13:47:05,
152s,7832,2017-12-30 14:18:05,
94s,7849,2017-12-30 14:33:05,
61s,7854,2017-12-30 14:39:05,
74s,7880,2017-12-30 15:16:05,
175s,7935,2017-12-30 17:15:05,
177s,7984,2017-12-30 18:42:05,
194s,7998,2017-12-30 19:03:05,
161s,8017,2017-12-30 19:26:05,
140s,8033,2017-12-30 19:39:05,
131s,8049,2017-12-30 19:53:05,
7s,8067,2017-12-30 20:22:05,
120s,8082,2017-12-30 20:41:05,
9s,8202,2017-12-30 23:02:05,
149s,8212,2017-12-30 23:08:05,
192s,8215,2017-12-30 23:12:05,
132s,8216,2017-12-30 23:12:05,
89s,8219,2017-12-30 23:14:05,
188s,8220,2017-12-30 23:14:05,
11s,8261,2017-12-30 23:47:05,
95s,8264,2017-12-30 23:51:05,
50s,8265,2017-12-30 23:51:05,
29s,8268,2017-12-30 23:52:05,
136s,8271,2017-12-30 23:54:05,
190s,8272,2017-12-30 23:54:05,
102s,8274,2017-12-30 23:55:05,
113s,8279,2017-12-30 23:59:05,
101s,8288,2017-12-31 00:08:05,
133s,8289,2017-12-31 00:09:05,
173s,8296,2017-12-31 00:15:05,
69s,8301,2017-12-31 00:19:05,
104s,8304,2017-12-31 00:21:05,
66s,8310,2017-12-31 00:26:05,
122s,8322,2017-12-31 00:34:05,
22s,8326,2017-12-31 00:39:05,
34s,8328,2017-12-31 00:40:05,
176s,8330,2017-12-31 00:41:05,
135s,8331,2017-12-31 00:41:05,
48s,8333,2017-12-31 00:43:05,
47s,8334,2017-12-31 00:43:05,
85s,8341,2017-12-31 00:47:05,
6s,8344,2017-12-31 00:48:05,
111s,8351,2017-12-31 00:54:05,
166s,8355,2017-12-31 00:58:05,
151s,8357,2017-12-31 00:59:05,
43s,8358,2017-12-31 00:59:05,
5s,8403,2017-12-31 01:24:05,
61s,8519,2017-12-31 03:39:05,
114s,8534,2017-12-31 03:54:05,
186s,8537,2017-12-31 04:03:05,
124s,8566,2017-12-31 04:42:05,
112s,8592,2017-12-31 05:40:05,
49s,8611,2017-12-31 06:04:05,
41s,8633,2017-12-31 06:33:05,
92s,8654,2017-12-31 06:58:05,
117s,8725,2017-12-31 08:37:05,
162s,8746,2017-12-31 08:57:05,
196s,8749,2017-12-31 08:58:05,
172s,8786,2017-12-31 09:44:05,
146s,8844,2017-12-31 11:07:05,
64s,8862,2017-12-31 11:30:05,
3s,8910,2017-12-31 12:39:05,
170s,8925,2017-12-31 13:08:05,
90s,8985,2017-12-31 15:12:05,
148s,9006,2017-12-31 15:39:05,
42s,9026,2017-12-31 16:02:05,
72s,9042,2017-12-31 16:23:05,
169s,9050,2017-12-31 16:38:05,
80s,9093,2017-12-31 17:38:05,
194s,9133,2017-12-31 19:14:05,
144s,9160,2017-12-31 19:45:05,
97s,9163,2017-12-31 19:50:05,
185s,9220,2017-12-31 21:52:05,
183s,9268,2017-12-31 23:15:05,
62s,9278,2017-12-31 23:36:05,
78s,9303,2018-01-01 00:16:05,
180s,9356,2018-01-01 01:38:05,
121s,9362,2018-01-01 01:48:05,
10s,9407,2018-01-01 03:05:05,
179s,9440,2018-01-01 03:52:05,
84s,9449,2018-01-01 04:01:05,
138s,9502,2018-01-01 06:02:05,
2s,9503,2018-01-01 06:04:05,
57s,9608,2018-01-01 07:36:05,
135s,9621,2018-01-01 07:46:05,
46s,9636,2018-01-01 07:58:05,
191s,9643,2018-01-01 08:04:05,
38s,9644,2018-01-01 08:04:05,
112s,9646,2018-01-01 08:06:05,
151s,9649,2018-01-01 08:08:05,
188s,9653,2018-01-01 08:10:05,
114s,9654,2018-01-01 08:19:05,
101s,9663,2018-01-01 08:28:05,
22s,9671,2018-01-01 08:35:05,
132s,9672,2018-01-01 08:35:05,
129s,9673,2018-01-01 08:35:05,
133s,9675,2018-01-01 08:37:05,
69s,9689,2018-01-01 08:50:05,
47s,9698,2018-01-01 08:58:05,
117s,9699,2018-01-01 08:58:05,
146s,9700,2018-01-01 08:58:05,
92s,9705,2018-01-01 09:03:05,
162s,9706,2018-01-01 09:03:05,
82s,9707,2018-01-01 09:03:05,
80s,9712,2018-01-01 09:06:05,
190s,9714,2018-01-01 09:06:05,
124s,9718,2018-01-01 09:09:05,
41s,9720,2018-01-01 09:10:05,
102s,9721,2018-01-01 09:10:05,
5s,9727,2018-01-01 09:14:05,
196s,9736,2018-01-01 09:19:05,
64s,9741,2018-01-01 09:23:05,
170s,9752,2018-01-01 09:31:05,
156s,9856,2018-01-01 11:17:05,
25s,9867,2018-01-01 11:39:05,
76s,9888,2018-01-01 12:06:05,
40s,9917,2018-01-01 13:03:05,
66s,9959,2018-01-01 14:20:05,
78s,9975,2018-01-01 14:42:05,
12s,10001,2018-01-01 15:19:05,
43s,10005,2018-01-01 15:26:05,
81s,10018,2018-01-01 15:40:05,
9s,10044,2018-01-01 16:14:05,
95s,10053,2018-01-01 16:21:05,
34s,10071,2018-01-01 16:44:05,
163s,10100,2018-01-01 17:29:05,
18s,10105,2018-01-01 17:33:05,
35s,10116,2018-01-01 17:42:05,
27s,10186,2018-01-01 19:30:05,
15s,10201,2018-01-01 19:45:05,
98s,10228,2018-01-01 20:40:05,
138s,10240,2018-01-01 20:55:05,
155s,10244,2018-01-01 21:00:05,
1s,10284,2018-01-01 21:38:05,
88s,10309,2018-01-01 22:11:05,
21s,10326,2018-01-01 22:39:05,
192s,10362,2018-01-01 23:29:05,
176s,10401,2018-01-02 00:30:05,
83s,10404,2018-01-02 00:41:05,
4s,10431,2018-01-02 01:19:05,
50s,10471,2018-01-02 02:40:05,
145s,10517,2018-01-02 03:56:05,
110s,10520,2018-01-02 04:01:05,
52s,10530,2018-01-02 04:13:05,
58s,10543,2018-01-02 04:28:05,
148s,10587,2018-01-02 06:10:05,
194s,10609,2018-01-02 06:47:05,
30s,10650,2018-01-02 08:13:05,
7s,10677,2018-01-02 08:53:05,
125s,10691,2018-01-02 09:03:05,
159s,10718,2018-01-02 10:04:05,
166s,10745,2018-01-02 10:43:05,
139s,10751,2018-01-02 10:58:05,
26s,10783,2018-01-02 11:32:05,
72s,10805,2018-01-02 12:33:05,
63s,10846,2018-01-02 13:50:05,
85s,10879,2018-01-02 14:43:05,
178s,10897,2018-01-02 15:11:05,
67s,10913,2018-01-02 15:38:05,
84s,10952,2018-01-02 17:15:05,
181s,10985,2018-01-02 18:14:05,
185s,11044,2018-01-02 19:29:05,
156s,11106,2018-01-02 21:03:05,
102s,11108,2018-01-02 21:04:05,
129s,11111,2018-01-02 21:07:05,
188s,11112,2018-01-02 21:07:05,
64s,11114,2018-01-02 21:07:05,
101s,11116,2018-01-02 21:08:05,
145s,11117,2018-01-02 21:08:05,
110s,11119,2018-01-02 21:09:05,
22s,11123,2018-01-02 21:13:05,
100s,11125,2018-01-02 21:14:05,
80s,11129,2018-01-02 21:17:05,
112s,11135,2018-01-02 21:21:05,
124s,11140,2018-01-02 21:24:05,
9s,11143,2018-01-02 21:26:05,
41s,11146,2018-01-02 21:28:05,
162s,11147,2018-01-02 21:28:05,
132s,11149,2018-01-02 21:30:05,
159s,11154,2018-01-02 21:33:05,
76s,11157,2018-01-02 21:35:05,
57s,11160,2018-01-02 21:37:05,
127s,11169,2018-01-02 21:42:05,
191s,11172,2018-01-02 21:45:05,
31s,11273,2018-01-02 23:40:05,
73s,11313,2018-01-03 00:32:05,
74s,11345,2018-01-03 02:03:05,
61s,11368,2018-01-03 02:50:05,
176s,11401,2018-01-03 03:42:05,
136s,11425,2018-01-03 04:08:05,
13s,11480,2018-01-03 06:21:05,
143s,11489,2018-01-03 06:35:05,
84s,11554,2018-01-03 08:11:05,
15s,11597,2018-01-03 09:07:05,
172s,11612,2018-01-03 09:22:05,
60s,11644,2018-01-03 10:02:05,
116s,11663,2018-01-03 10:32:05,
147s,11714,2018-01-03 11:42:05,
50s,11721,2018-01-03 11:53:05,
17s,11771,2018-01-03 13:54:05,
171s,11794,2018-01-03 14:40:05,
26s,11824,2018-01-03 15:26:05,
96s,11858,2018-01-03 16:09:05,
107s,11869,2018-01-03 16:18:05,
150s,11870,2018-01-03 16:19:05,
56s,11907,2018-01-03 17:07:05,
197s,11924,2018-01-03 17:31:05,
149s,11942,2018-01-03 17:57:05,
121s,11973,2018-01-03 19:06:05,
49s,12004,2018-01-03 19:56:05,
144s,12054,2018-01-03 21:23:05,
189s,12151,2018-01-04 01:27:05,
177s,12191,2018-01-04 02:41:05,
129s,12270,2018-01-04 03:32:05,
127s,12272,2018-01-04 03:33:05,
144s,12277,2018-01-04 03:37:05,
73s,12279,2018-01-04 03:39:05,
124s,12280,2018-01-04 03:39:05,
112s,12281,2018-01-04 03:39:05,
31s,12296,2018-01-04 03:48:05,
50s,12299,2018-01-04 03:50:05,
57s,12300,2018-01-04 03:50:05,
157s,12305,2018-01-04 03:56:05,
84s,12306,2018-01-04 03:56:05,
101s,12310,2018-01-04 03:57:05,
159s,12313,2018-01-04 03:59:05,
86s,12316,2018-01-04 04:00:05,
110s,12318,2018-01-04 04:02:05,
68s,12324,2018-01-04 04:07:05,
23s,12329,2018-01-04 04:09:05,
55s,12366,2018-01-04 04:36:05,
9s,12399,2018-01-04 05:10:05,
166s,12423,2018-01-04 05:46:05,
5s,12437,2018-01-04 06:07:05,
179s,12493,2018-01-04 08:08:05,
91s,12514,2018-01-04 08:47:05,
77s,12541,2018-01-04 09:45:05,
70s,12561,2018-01-04 10:28:05,
178s,12595,2018-01-04 11:08:05,
65s,12633,2018-01-04 12:25:05,
189s,12657,2018-01-04 13:06:05,
123s,12661,2018-01-04 13:10:05,
6s,12728,2018-01-04 15:06:05,
117s,12741,2018-01-04 15:20:05,
104s,12769,2018-01-04 15:52:05,
116s,12781,2018-01-04 16:11:05,
140s,12804,2018-01-04 16:35:05,
28s,12838,2018-01-04 17:36:05,
39s,12868,2018-01-04 18:22:05,
194s,12873,2018-01-04 18:37:05,
113s,12911,2018-01-04 20:00:05,
165s,13036,2018-01-05 01:18:05,
75s,13100,2018-01-05 04:13:05,
44s,13121,2018-01-05 04:59:05,
48s,13154,2018-01-05 06:00:05,
184s,13158,2018-01-05 06:07:05,
17s,13191,2018-01-05 07:11:05,
5s,13256,2018-01-05 08:53:05,
123s,13272,2018-01-05 09:05:05,
110s,13275,2018-01-05 09:06:05,
189s,13277,2018-01-05 09:08:05,
73s,13280,2018-01-05 09:10:05,
178s,13286,2018-01-05 09:15:05,
23s,13294,2018-01-05 09:21:05,
86s,13298,2018-01-05 09:22:05,
140s,13300,2018-01-05 09:24:05,
57s,13304,2018-01-05 09:26:05,
129s,13306,2018-01-05 09:27:05,
159s,13310,2018-01-05 09:31:05,
84s,13312,2018-01-05 09:31:05,
124s,13313,2018-01-05 09:31:05,
12s,13355,2018-01-05 10:01:05,
69s,13388,2018-01-05 10:34:05,
71s,13417,2018-01-05 11:39:05,
194s,13445,2018-01-05 12:37:05,
171s,13464,2018-01-05 13:02:05,
60s,13537,2018-01-05 16:17:05,
4s,13572,2018-01-05 17:02:05,
154s,13616,2018-01-05 18:26:05,
22s,13656,2018-01-05 19:24:05,
52s,13701,2018-01-05 21:02:05,
160s,13714,2018-01-05 21:22:05,
78s,13720,2018-01-05 21:26:05,
106s,13747,2018-01-05 22:02:05,
100s,13777,2018-01-05 22:53:05,
27s,13804,2018-01-05 23:34:05,
116s,13848,2018-01-06 00:38:05,
0s,13859,2018-01-06 00:57:05,
32s,13895,2018-01-06 01:48:05,
54s,13904,2018-01-06 02:12:05,
139s,13942,2018-01-06 03:16:05,
137s,13973,2018-01-06 04:06:05,
49s,14019,2018-01-06 06:04:05,
91s,14065,2018-01-06 07:50:05,
171s,14107,2018-01-06 08:23:05,
73s,14115,2018-01-06 08:29:05,
140s,14125,2018-01-06 08:37:05,
52s,14131,2018-01-06 08:42:05,
5s,14136,2018-01-06 08:46:05,
110s,14141,2018-01-06 08:49:05,
124s,14142,2018-01-06 08:49:05,
6s,14154,2018-01-06 08:58:05,
80s,14162,2018-01-06 09:02:05,
194s,14167,2018-01-06 09:05:05,
189s,14172,2018-01-06 09:09:05,
56s,14223,2018-01-06 09:46:05,
81s,14240,2018-01-06 10:22:05,
30s,14273,2018-01-06 11:30:05,
163s,14287,2018-01-06 11:59:05,
129s,14324,2018-01-06 13:11:05,
38s,14329,2018-01-06 13:22:05,
65s,14373,2018-01-06 14:02:05,
32s,14421,2018-01-06 15:24:05,
96s,14422,2018-01-06 15:25:05,
79s,14443,2018-01-06 15:52:05,
40s,14460,2018-01-06 16:21:05,
123s,14492,2018-01-06 17:24:05,
82s,14494,2018-01-06 17:24:05,
138s,14527,2018-01-06 18:31:05,
76s,14562,2018-01-06 19:49:05,
197s,14632,2018-01-06 22:27:05,
142s,14643,2018-01-06 22:44:05,
2s,14671,2018-01-06 23:22:05,
118s,14676,2018-01-06 23:28:05,
85s,14702,2018-01-07 00:19:05,
44s,14732,2018-01-07 01:25:05,
69s,14748,2018-01-07 01:50:05,
141s,14759,2018-01-07 01:58:05,
129s,14841,2018-01-07 03:36:05,
23s,14842,2018-01-07 03:36:05,
110s,14848,2018-01-07 03:41:05,
38s,14849,2018-01-07 03:41:05,
175s,14863,2018-01-07 03:48:05,
53s,14864,2018-01-07 03:48:05,
64s,14925,2018-01-07 04:37:05,
165s,14988,2018-01-07 07:13:05,
84s,14993,2018-01-07 07:25:05,
146s,15027,2018-01-07 08:23:05,
136s,15031,2018-01-07 08:31:05,
72s,15072,2018-01-07 09:25:05,
160s,15081,2018-01-07 09:38:05,
171s,15103,2018-01-07 10:15:05,
144s,15144,2018-01-07 11:30:05,
6s,15177,2018-01-07 12:16:05,
92s,15178,2018-01-07 12:19:05,
78s,15204,2018-01-07 12:50:05,
150s,15221,2018-01-07 13:28:05,
80s,15253,2018-01-07 14:27:05,
34s,15284,2018-01-07 15:11:05,
96s,15314,2018-01-07 16:18:05,
197s,15340,2018-01-07 16:57:05,
76s,15370,2018-01-07 17:29:05,
84s,15407,2018-01-07 18:09:05,
110s,15411,2018-01-07 18:13:05,
74s,15418,2018-01-07 18:18:05,
119s,15463,2018-01-07 19:19:05,
39s,15483,2018-01-07 19:46:05,
195s,15518,2018-01-07 21:04:05,
7s,15543,2018-01-07 21:56:05,
138s,15586,2018-01-07 23:06:05,
164s,15608,2018-01-07 23:36:05,
97s,15657,2018-01-08 01:35:05,
75s,15658,2018-01-08 01:38:05,
113s,15707,2018-01-08 03:18:05,
133s,15731,2018-01-08 04:18:05,
167s,15756,2018-01-08 05:17:05,
130s,15777,2018-01-08 05:46:05,
21s,15808,2018-01-08 07:01:05,
164s,15819,2018-01-08 07:15:05,
84s,15826,2018-01-08 07:32:05,
79s,15844,2018-01-08 07:55:05,
109s,15867,2018-01-08 08:47:05,
22s,15921,2018-01-08 10:47:05,
107s,15931,2018-01-08 11:03:05,
103s,15947,2018-01-08 11:31:05,
171s,15978,2018-01-08 12:08:05,
48s,16014,2018-01-08 13:03:05,
129s,16048,2018-01-08 14:15:05,
73s,16071,2018-01-08 14:46:05,
28s,16093,2018-01-08 15:11:05,
179s,16103,2018-01-08 15:24:05,
88s,16140,2018-01-08 17:00:05,
140s,16144,2018-01-08 17:10:05,
11s,16187,2018-01-08 18:05:05,
170s,16229,2018-01-08 19:18:05,
108s,16271,2018-01-08 20:46:05,
96s,16288,2018-01-08 21:09:05,
110s,16306,2018-01-08 21:35:05,
79s,16349,2018-01-08 23:02:05,
77s,16373,2018-01-08 23:40:05,
105s,16381,2018-01-08 23:51:05,
35s,16448,2018-01-09 01:52:05,
136s,16490,2018-01-09 04:03:05,
187s,16498,2018-01-09 04:14:05,
169s,16513,2018-01-09 04:37:05,
16s,16557,2018-01-09 06:37:05,
89s,16609,2018-01-09 07:56:05,
173s,16614,2018-01-09 08:01:05,
129s,16646,2018-01-09 09:12:05,
117s,16670,2018-01-09 09:58:05,
92s,16691,2018-01-09 10:32:05,
136s,16713,2018-01-09 10:59:05,
182s,16737,2018-01-09 11:30:05,
88s,16749,2018-01-09 11:50:05,
60s,16771,2018-01-09 12:13:05,
130s,16798,2018-01-09 12:49:05,
63s,16811,2018-01-09 13:12:05,
186s,16841,2018-01-09 13:58:05,
198s,16864,2018-01-09 14:30:05,
13s,16883,2018-01-09 14:52:05,
94s,16909,2018-01-09 16:08:05,
114s,16938,2018-01-09 17:43:05,
2s,16959,2018-01-09 18:30:05,
166s,17019,2018-01-09 21:40:05,
