12378,12392,12393,12394,12399,12400,12403,12408,12410,12411,12412,14306,14307,14309,14312
12871,12883,12884,12889,12899,12900,12912,12918,12919,12921,12923,14648,14650,14660,14666
6367,6375,6376,6379,6387,6388,6398,6405,6407,6410,6412,9343,9344,9345,9346
11050,11079,11090,11096,11100,11101,11121,11143,11150,11152,11153,13422,13423,13425,13427
12087,12093,12096,12099,12114,12115,12118,12121,12122,12124,12125,14142,14143,14147,14152
1859,1908,1920,1943,1975,1976,2024,2399,2443,2444,4439,4440,4443,4449
5343,5360,5441,5454,5469,5470,5522,5565,5709,5721,5724,8743,8744,8746,8753
16474,16482,16484,16488,16496,16497,16498,16499,16500,16501,16875,16876,16882,16885
6288,6313,6314,6320,6327,6328,6341,6344,6345,6348,6349,9335,9336,9337,9338
6843,6848,6849,6850,6851,6852,6863,6872,6874,6876,6877,9940,9941,9942,9947
1363,1398,1412,1437,1453,1454,1477,1497,1523,1649,1650,2010,2406,2433,2565
3039,3115,3119,3141,3163,3164,3195,3223,3272,3364,3368,6229,6230,6233,6237
10666,10674,11901,11911,11935,11936,11956,11979,12003,12007,14029,14030,14031,14033
4579,4584,4795,4813,4842,4843,4857,4865,4877,4878,7734,7735,7743
1966,2014,2020,2049,2061,2062,2083,2383,2458,2466,4509,4510,4515
2250,2291,3499,3537,3570,3585,3644,3667,3787,3838,3843,7027,7028,7035,7046
5230,5242,5436,5503,5552,5553,5608,5692,5751,5752,8869,8870,8872,8874
1667,1696,1725,1755,1789,1790,1826,2261,2320,2326,4165,4166,4179
1382,1419,1436,1459,1494,1495,1544,1570,1982,1990,3452,3453,3458,3468
14127,14144,14145,14146,14148,14149,14160,14170,14172,14175,14176,15550,15551,15561,15566
15811,15827,15829,15837,15846,15847,15853,15860,15864,15865,15866,16543,16544,16555,16559
14243,14255,14256,14267,14269,14270,14281,14289,14292,14299,14300,15603,15604,15608,15612
1368,1385,1395,1414,1433,1434,1440,1476,1532,1533,2782,2783,2789
14752,14761,14762,14767,14769,14770,14777,14782,14784,14785,14786,15856,15859,15862,15867
13454,13463,13464,13467,13477,13478,13485,13487,13489,13492,13493,15059,15060,15062,15063
9006,9027,9028,9030,9043,9044,9048,9049,9051,9054,9058,11706,11707,11710,11716
11736,11742,11743,11748,11752,11753,11761,11769,11770,11775,11776,11853,11854,11855,11856
4719,4736,4737,4741,4743,4744,4755,4767,4769,4778,4782,5174,5175,5183,5191
10393,10399,10984,10999,11010,11011,11043,11091,11126,11128,13358,13359,13365,13368
7572,7575,8112,8130,8159,8160,8178,8212,8233,8236,10838,10839,10840,10841
6264,6268,6269,6276,6283,6285,6306,6317,6321,6326,6330,6443,6446,6448,6449
6465,6544,6555,6610,6642,6643,6659,6670,6714,6725,6728,9791,9792,9799,9805
15535,15549,15552,15554,15564,15565,15572,15576,15578,15580,15581,16381,16382,16385,16387
7552,7556,8423,8456,8492,8493,8524,8577,8603,8606,11249,11250,11257,11262
16832,16834,16835,16836,16842,16843,16845,16850,16853,16855,16857,17031,17032,17035,17037
5860,5869,8410,8432,8467,8468,8542,8552,8637,8639,11311,11312,11315,11324
13584,13588,13590,13592,13601,13602,13613,13614,13615,13617,15113,15114,15117,15120
5259,5264,5267,5272,5288,5289,5304,5342,5357,5361,8284,8285,8288,8295
5740,5750,7646,7651,7673,7677,7684,7686,7690,7693,7923,7925,7935,7952
16777,16780,16781,16784,16785,16786,16787,16788,16793,16796,17010,17011,17017,17018
10846,10856,10857,10860,10863,10864,10873,10878,10880,10883,10884,13083,13084,13088,13092
6916,6926,6930,6932,6934,6935,6941,6942,6944,6949,6950,9983,9984,9989,9990
2502,2537,2850,2903,3002,3013,3070,3159,3304,3305,6031,6034,6037,6049
14999,15003,15004,15006,15015,15016,15020,15021,15022,15023,16037,16040,16044,16046
13466,13482,13484,13486,13490,13491,13495,13496,13497,13498,15065,15066,15069,15073
5903,5908,7834,7840,7854,7858,7868,7886,7889,7891,7892,10572,10573,10574,10575
4453,4476,5307,5319,5345,5349,5373,5396,5398,5403,5404,7252,7254,7258,7262
10851,10854,10855,10858,10861,10862,10870,10881,10885,10889,10890,13094,13095,13096,13097
11292,11308,11309,11314,11319,11320,11333,11335,11337,11338,13504,13505,13509,13511
1483,1540,1551,1577,1632,1640,1666,1867,2213,2214,3923,3924,3930,3936
6249,6257,9474,9495,9521,9525,9532,9542,9552,9558,9561,12084,12085,12092,12100
16333,16343,16344,16345,16354,16355,16358,16359,16360,16361,16820,16821,16824,16825
5082,5115,5116,5124,5128,5129,5146,5149,5152,5153,8031,8032,8035,8040
7268,7285,8416,8451,8474,8497,8565,8587,8592,8664,8669,11418,11419,11422,11424
13713,13727,13728,13729,13733,13734,13750,13762,13764,13766,13767,15198,15199,15203,15216
11598,11614,11616,11621,11633,11634,11645,11649,11652,11657,11658,13674,13675,13677,13687
6338,6342,6343,6347,6350,6351,6354,6358,6360,6361,6362,9339,9340,9341,9342
3642,3691,3695,3707,3715,3716,3739,3752,3797,3820,3826,6987,6988,6992,6995
14098,14104,14105,14106,14111,14112,14120,14122,14123,14124,15503,15504,15508,15514
4969,4983,5452,5498,5509,5590,5648,5670,5775,5784,5785,9007,9008,9010,9012
15654,15670,15671,15673,15681,15682,15686,15692,15696,15699,15701,16460,16463,16464,16468
5853,5854,5855,5857,5871,5872,5877,5890,5892,5895,5896,9136,9137,9145,9150
17021,17026,17027,17028,17033,17034,17041,17047,17049,17051,17052,17116,17117,17121,17124
5192,5201,5202,5207,5209,5211,5217,5227,5231,5234,5235,8087,8088,8089,8092
13316,13321,13325,13327,13336,13337,13341,13346,13347,13351,13352,14985,14991,14995,14998
16573,16577,16578,16585,16586,16587,16597,16598,16600,16602,16603,16915,16916,16917,16923
15805,15814,15815,15817,15825,15826,15840,15850,15852,15857,15858,16534,16535,16540,16542
8982,8993,8996,8998,9001,9002,9011,9013,9017,9019,11685,11686,11687,11691
8341,8356,8357,8362,8388,8389,8434,8477,8589,8666,8671,11434,11435,11438,11447
5210,5233,6486,6515,6570,6571,6635,6692,6706,6708,9679,9680,9684,9693
13883,13900,13903,13911,13923,13924,13933,13934,13935,13936,15372,15373,15377,15385
10522,10532,10537,10542,10550,10551,10556,10558,10560,10561,10562,12872,12873,12874,12876
15061,15067,15068,15070,15071,15072,15085,15092,15098,15102,15103,15225,15226,15233,15242
4038,4041,5450,5492,5577,5578,5649,5663,5778,5779,8972,8973,8981
11577,11581,11887,11893,11896,11897,11923,11946,11982,12000,12001,13995,13996,14000,14004
2695,2724,2728,2733,2744,2747,2766,2768,2770,2773,2775,5239,5240,5241,5243
12283,12302,12303,12308,12317,12318,12319,12320,12324,12325,14241,14242,14250,14254
9366,9372,10726,10729,10740,10741,10766,10774,10780,10781,12980,12988,12996,13019
11279,11287,11288,11290,11293,11294,11299,11301,11305,11306,13500,13501,13502,13503
11812,11822,11860,11863,11874,11875,11880,11881,11883,11890,13816,13817,13818,13821
16296,16308,16310,16313,16318,16319,16325,16327,16330,16331,16802,16803,16804,16810
4645,4654,4656,4661,4667,4668,4670,4671,7626,7627,7631,7637
3377,3383,3386,3403,3417,3419,3431,3443,3445,3448,3449,6415,6416,6424,6430
16536,16546,16547,16554,16562,16563,16567,16569,16570,16571,16903,16904,16905,16906
6749,6752,6753,6755,6760,6761,6766,6774,6777,6779,6780,9880,9881,9883,9890
3465,3473,3475,3482,3497,3498,3530,3554,3665,3666,6741,6742,6743,6744
4787,4809,5305,5318,5324,5325,5337,5352,5370,5371,8297,8301,8305
16249,16263,16264,16266,16269,16270,16286,16287,16288,16289,16770,16771,16774,16776
17115,17118,17119,17120,17122,17123,17127,17128,17129,17130,17147,17148,17153,17155
4680,4682,5069,5079,5094,5095,5119,5122,5130,5131,7995,7996,7997,8003
2425,2470,2821,2872,2934,2935,3053,3210,3292,3294,6000,6001,6002,6007
12439,12448,12449,12453,12469,12470,12492,12511,12526,12561,12562,14345,14346,14352,14357
12043,12055,12489,12503,12508,12509,12538,12544,12573,12592,12597,14431,14432,14438,14443
12075,12078,12079,12082,12094,12095,12105,12106,12109,12113,14128,14129,14132,14139
4225,4238,5427,5461,5531,5532,5545,5712,5799,5810,9074,9075,9077,9078
6169,6178,6180,6181,6191,6194,6206,6217,6218,6220,6221,9279,9280,9282,9295
8734,8739,9380,9390,9394,9395,9425,9462,9463,9466,9487,11145,11147,11158,11161
4700,4702,4703,4706,4712,4713,4725,4727,4729,4733,4734,7638,7639,7641,7642
11629,11642,11643,11653,11660,11661,11663,11668,11672,11673,11674,13689,13690,13695,13698
3893,3895,3896,3897,3906,3907,3911,3919,3921,3928,3929,7161,7162,7165,7172
15029,15034,15035,15036,15045,15046,15048,15053,15054,15056,15057,16059,16060,16065,16074
17135,17137,17141,17142,17144,17145,17149,17151,17152,17154,17157,17158,17159,17160
4308,4335,4336,4341,4347,4348,4362,4364,4366,4367,7495,7497,7503
12300,12315,12316,12321,12333,12334,12337,12340,12345,12346,14257,14258,14268,14278
3056,3092,3093,3130,3166,3167,3196,3222,3281,3360,3362,6224,6225,6226,6228
13134,13156,13158,13160,13190,13191,13224,13252,13258,13279,13281,14943,14944,14946,14947
16011,16025,16026,16027,16032,16033,16050,16057,16058,16063,16064,16635,16636,16637,16644
9662,9672,9674,9677,9686,9687,9699,9701,9704,9707,9710,12176,12177,12180,12189
15488,15494,15495,15496,15506,15507,15509,15510,15520,15522,16364,16365,16366,16367
8251,8255,8256,8257,8258,8259,8266,8275,8277,8278,8279,10909,10910,10911,10914
2632,2683,3516,3559,3615,3623,3662,3684,3776,3777,6898,6899,6909,6912
13109,13114,13138,13153,13181,13182,13209,13232,13241,13245,13246,14902,14905,14913,14916
1431,1445,1455,1470,1488,1489,1501,1750,2284,2286,4032,4033,4039,4042
6172,6187,7253,7257,7260,7261,7274,7290,7291,7293,7294,10125,10127,10131,10133
7799,7817,8145,8162,8192,8197,8220,8230,8240,8244,10866,10867,10872,10874
8117,8143,8153,8166,8190,8191,8209,8223,8228,8245,8247,10894,10895,10899,10908
10086,10102,10166,10177,10188,10189,10207,10209,10238,10239,12524,12541,12564,12588
13506,13507,13508,13510,13514,13515,13516,13518,13519,13520,15075,15076,15080,15081
6445,6454,6456,6458,6459,6460,6463,6466,6508,6541,9378,9379,9396,9399
8271,8280,10724,10732,10748,10749,10771,10775,10784,10787,13024,13025,13036,13037
12229,12230,12231,12236,12244,12245,12253,12260,12262,12264,12265,14204,14205,14208,14209
14580,14581,14582,14583,14588,14589,14597,14603,14604,14606,14607,15768,15769,15771,15772
2784,2806,2808,2812,2870,2871,2893,3107,3332,3333,6110,6111,6115,6118
13772,13779,13780,13781,13793,13794,13797,13799,13802,13807,13808,15245,15246,15258,15267
16222,16231,16232,16236,16238,16239,16242,16248,16250,16253,16254,16756,16757,16759,16760
13093,13101,13102,13103,13104,13105,13112,13115,13116,13117,14797,14798,14799,14800
1340,1364,1369,1386,1423,1430,1473,1519,1677,1841,1842,3413,3414,3424,3437
3324,3355,7661,7664,7688,7689,7699,7721,7724,7728,7729,10507,10508,10510,10511
7490,7502,8420,8449,8505,8506,8560,8625,8632,8633,11303,11304,11307,11310
1729,1753,1758,1785,1815,1830,1862,2226,2337,2343,4205,4206,4207,4214
10478,10501,10503,10505,10516,10517,10526,10531,10534,10538,10541,10583,10584,10586,10589
8713,8719,8720,8725,8728,8729,8730,8733,8737,8738,11528,11529,11532
9215,9218,9219,9223,9224,9225,9237,9247,9249,9251,9253,11792,11793,11800,11810
13428,13437,13826,13829,13834,13835,13849,13851,13860,13861,15301,15302,15308,15325
8989,9003,9004,9009,9020,9021,9032,9035,9037,9038,9039,11693,11694,11697,11704
7829,7838,10418,10423,10439,10440,10460,10462,10469,10470,12808,12811,12814,12815
5250,5273,5276,5282,5313,5314,5332,5355,5368,5375,5376,8306,8307,8313,8314
4643,4652,6476,6521,6585,6586,6629,6695,6703,6704,9660,9661,9663,9665
6978,6983,6984,6989,6998,6999,7012,7017,7018,7021,7023,10001,10002,10003,10004
5845,5856,5858,5863,5865,5866,5873,5874,5876,5879,9110,9113,9115,9125
14075,14085,14088,14093,14095,14096,14103,14113,14115,14117,14118,15499,15500,15501,15502
10223,10242,10725,10731,10746,10747,10778,10790,10794,10797,10798,13043,13044,13046,13052
2661,2673,2676,2682,2690,2691,2714,2730,2739,2742,2743,4763,4775,4781,4785
6254,6272,6484,6494,6531,6532,6556,6663,6720,6722,9768,9769,9771,9772
15112,15124,15125,15126,15138,15140,15145,15154,15155,15157,15158,16122,16123,16125,16129
14479,14483,14486,14490,14493,14494,14500,14501,14505,14508,15695,15697,15705,15706
8706,8723,10091,10092,10103,10105,10106,10111,10112,10113,12415,12416,12417,12421
2068,2133,2135,2166,2182,2183,2207,2340,2344,2345,4215,4216,4219,4226
11302,11316,11317,11318,11330,11331,11346,11360,11362,11367,11369,13522,13523,13524,13525
3365,3394,3396,3406,3408,3409,3420,3423,3427,3428,6382,6383,6385,6397
1631,1713,1740,1768,1776,1777,1812,1825,2263,2312,2315,4141,4142,4150,4156
14514,14516,14617,14622,14624,14625,14638,14644,14649,14653,14655,15708,15709,15712,15714
3527,3584,3608,3625,3661,3674,3689,3719,3730,3812,3813,6966,6967,6973,6975
5618,5666,7323,7335,7357,7358,7383,7390,7399,7402,10279,10285,10290,10291
6121,6122,6123,6125,6130,6131,6133,6134,6137,6138,9238,9239,9240,9243
14199,14207,14832,14841,14864,14866,14892,14910,14911,14914,14915,15976,15977,15981,15984
8930,8936,10420,10430,10433,10434,10453,10457,10459,10465,12778,12779,12787,12805
7263,7277,7279,7289,7299,7303,7304,7305,10148,10149,10156,10161
9246,9256,9257,9265,9275,9276,9293,9303,9305,9306,9307,11834,11835,11836,11838
10785,10812,10813,10818,10825,10826,10833,10834,10835,10836,13075,13076,13078,13082
9808,9826,9827,9830,9839,9840,9846,9854,9859,9862,9863,12298,12299,12301,12304
5732,5755,8412,8430,8471,8504,8563,8620,8652,8653,11395,11396,11401,11410
5136,5156,5157,5159,5163,5164,5171,5181,5185,5187,5188,8043,8045,8054,8058
7601,7613,8114,8132,8171,8172,8193,8221,8229,8242,8243,10876,10877,10886,10891
5391,5399,7325,7332,7354,7355,7384,7389,7403,7404,10293,10294,10295,10298
3765,3780,3785,3799,3824,3825,3844,3845,3862,3864,7066,7067,7078,7088
5173,5179,5180,5182,5198,5199,5208,5218,5220,5222,5223,8076,8077,8079,8085
13055,13060,13061,13063,13064,13065,13069,13070,13072,13073,14776,14779,14787,14788
4087,4095,4096,4101,4108,4109,4121,4131,4133,4135,4136,7308,7309,7310,7314
4583,4585,4586,4589,4599,4600,4605,4611,4613,4615,4617,7608,7609,7612,7614
6810,6820,6821,6823,6827,6828,6834,6836,6839,6840,9928,9930,9937,9939
9850,9870,9872,9876,9886,9887,9895,9906,9907,9910,9911,12342,12343,12347,12348
1329,1361,2568,2575,2600,2601,2625,2647,2667,2704,2705,5104,5105,5109,5133
7101,7111,9408,9427,9451,9452,9486,9505,9516,9517,11902,11903,11920,11944
2657,2698,4792,4818,4840,4841,4862,4871,4876,4886,4887,7782,7783,7786,7788
2776,2798,2822,2879,2924,2925,2964,3240,3370,3373,6250,6251,6255,6258
11585,11591,11592,11595,11608,11609,11615,11619,11622,11623,13630,13631,13636,13639
10962,11014,11044,11066,11092,11093,11116,11131,11137,11148,11149,13416,13417,13418,13421
13606,13611,13612,13616,13623,13624,13635,13645,13646,13650,13651,15136,15137,15141,15150
1383,1411,1416,1432,1456,1457,1486,1510,1697,1819,1820,3397,3402,3405,3412
6830,6847,7324,7333,7345,7346,7368,7379,7395,7396,10221,10225,10250,10277
1323,1341,1342,1356,1389,1390,1406,1424,1451,1452,2662,2668,2693
10042,10045,10983,11002,11027,11029,11067,11110,11139,11140,13409,13410,13411,13415
4637,4638,4639,4642,4648,4649,4651,4657,4660,4665,4666,7619,7620,7623,7625
16268,16291,16292,16299,16311,16312,16320,16321,16322,16323,16792,16794,16799,16800
4334,4349,5426,5462,5486,5487,5589,5705,5738,5741,8807,8808,8816,8824
12846,12849,12850,12854,12860,12861,12867,12875,12881,12885,12887,14618,14619,14629,14632
4460,4470,4471,4479,4489,4490,4495,4498,4500,4501,7553,7554,7557
1680,1745,3510,3521,3573,3574,3614,3705,3734,3738,6772,6773,6781,6789
4904,4912,4913,4918,4932,4933,4943,4953,4954,4960,4961,5060,5062,5066,5068
9236,9254,9255,9261,9263,9264,9277,9283,9287,9291,9292,11813,11814,11819,11828
4049,4054,4056,4065,4071,4072,4073,4074,4076,4078,7265,7266,7270,7284
12932,12936,12978,12990,13010,13011,13030,13033,13034,13035,14754,14755,14758,14764
5238,5246,7660,7665,7691,7692,7709,7717,7720,7723,10497,10498,10504,10506
10414,10438,10441,10451,10476,10477,10493,10495,10500,10502,12847,12848,12853,12857
1518,1530,1564,1587,1608,1621,1685,1839,2255,2260,4000,4001,4004,4010
9963,9969,9970,9973,9980,9981,9985,9986,9987,9988,12389,12390,12391,12395
2319,2363,2365,2379,2409,2410,2438,2467,2560,2588,2598,4910,4911,4920,4930
4388,4391,5429,5457,5534,5535,5628,5684,5766,5768,8939,8940,8942,8947
3937,3953,3954,3962,3971,3972,3976,3977,3981,3983,7203,7204,7210
4106,4122,4123,4124,4127,4128,4143,4144,4149,4152,5301,5344,5363,5380
8774,8786,8787,8794,8801,8802,8810,8811,8813,8814,8815,11562,11563,11565,11567
7171,7191,7192,7196,7198,7199,7220,7225,7228,7229,10082,10083,10084,10085
2346,2364,2371,2389,2407,2408,2435,2451,2562,2582,2583,4810,4814,4822,4846
6101,6102,6103,6105,6106,6107,6112,6113,6114,6116,9228,9229,9235
11945,11954,11971,11985,11996,11997,12017,12027,12028,12030,12031,14076,14077,14078,14087
9347,9350,9351,9353,9358,9359,9361,9362,9364,9365,11849,11850,11851,11852
5838,5846,6473,6499,6548,6549,6605,6648,6685,6686,9605,9606,9608,9611
2880,3009,4791,4796,4823,4824,4831,4850,4870,4873,7705,7712,7716,7732
1399,1444,2571,2585,2595,2599,2616,2631,2653,2674,2675,5070,5071,5074,5080
13620,13632,13633,13634,13647,13648,13654,13662,13663,13665,13667,15152,15153,15159,15163
13126,13130,13132,13141,13143,13144,13159,13176,13194,13210,13211,13882,13886,13892,13902
15715,15720,15776,15778,15787,15788,15796,15797,15799,15800,15801,16509,16510,16511,16520
3634,3673,3680,3687,3721,3722,3740,3761,3795,3819,3821,6976,6980,6981,6985
11756,11772,11774,11781,11785,11786,11795,11803,11806,11809,11811,13760,13761,13768,13770
14708,14712,14713,14716,14728,14729,14736,14741,14743,14745,14746,15832,15833,15841,15842
9174,9177,9178,9179,9185,9186,9187,9188,9189,9190,11767,11768,11771,11778
9891,9896,9900,9905,9915,9916,9924,9929,9933,9934,12364,12365,12366,12369
2005,2055,2059,2087,2121,2122,2140,2360,2485,2487,4552,4553,4554,4561
3398,3411,3511,3545,3569,3586,3638,3699,3754,3758,6854,6855,6858,6860
4284,4299,4300,4301,4315,4316,4330,4343,4345,4346,4351,7479,7480,7488,7491
7744,7762,8363,8369,8386,8387,8437,8444,8476,8490,11162,11163,11165,11166
1959,2017,2038,2093,2118,2150,2172,2199,2342,2517,2519,4646,4647,4653,4662
11692,11703,11705,11709,11711,11712,11715,11722,11723,11725,11726,13721,13722,13725,13740
14495,14509,14511,14515,14524,14525,14530,14542,14545,14547,14548,15725,15726,15730,15732
13967,13975,13976,13977,13979,13980,13997,14009,14012,14015,14016,15429,15432,15434,15439
4313,4324,5420,5466,5488,5489,5586,5706,5726,5729,8763,8764,8767,8771
14006,14014,14834,14843,14856,14857,14865,14881,14888,14894,14895,15936,15937,15940,15944
15453,15471,15473,15475,15478,15479,15485,15486,15489,15492,16356,16357,16362,16363
1730,1783,2825,2860,2899,2922,2976,3028,3228,3261,3267,5899,5900,5901,5902
1796,1811,1834,1886,1917,1918,1967,2019,2403,2412,4353,4354,4365,4368
14206,14214,14215,14216,14221,14222,14232,14244,14246,14247,14248,15574,15575,15579,15582
9098,9104,9107,9111,9116,9117,9121,9123,9127,9130,9131,11734,11735,11737,11738
10134,10137,10139,10141,10143,10144,10153,10154,10155,10157,12466,12473,12476,12478
4994,5006,5007,5013,5033,5034,5049,5050,5052,5053,5054,7895,7896,7901,7907
13535,13549,13550,13551,13563,13564,13570,13577,13579,13581,13582,15097,15101,15104,15106
2453,2468,2473,2483,2488,2489,2509,2556,2587,2591,4905,4906,4909
6108,6117,6490,6517,6584,6588,6632,6693,6700,6702,9636,9637,9650,9659
7476,7484,7485,7489,7500,7501,7508,7509,7510,7512,10364,10365,10374
10753,10761,10764,10779,10795,10796,10801,10814,10816,10817,10819,13067,13068,13071,13074
5417,5479,5538,5625,5653,5654,5678,5699,5747,5790,5791,9024,9025,9029,9040
15190,15211,15212,15215,15223,15224,15232,15236,15237,15240,15241,16143,16144,16147,16160
2785,2791,3518,3541,3564,3565,3607,3713,3732,3733,6767,6768,6770,6771
1554,1575,1586,1605,1651,1652,1668,1866,2224,2225,3938,3939,3945,3956
1625,1705,1718,1749,1805,1806,1846,2227,2328,2333,4180,4186,4191,4204
14633,14661,14662,14665,14671,14672,14674,14676,14678,14679,15792,15793,15795,15802
4972,4985,4986,4988,5002,5003,5016,5023,5024,5027,5028,7871,7872,7875,7882
12178,12192,12193,12194,12198,12199,12208,12211,12213,12215,12219,14194,14195,14197,14198
1449,1491,2013,2057,2111,2112,2143,2359,2490,2496,4580,4581,4582,4587
9377,9409,10417,10425,10444,10452,10473,10486,10488,10490,10492,10591,10592,10597,10601
2295,2327,2818,2881,2949,2950,3043,3219,3273,3276,5928,5929,5934,5941
14722,14734,15288,15294,15305,15306,15321,15322,15331,15333,16246,16247,16255,16256
5236,5247,5249,5252,5274,5275,5294,5308,5339,5340,8252,8253,8254,8260
9316,9321,9322,9323,9328,9329,9330,9331,9332,9333,11844,11845,11847,11848
3711,3737,3742,3755,3770,3771,3792,3808,3817,3853,3855,7055,7056,7063,7064
11833,11837,11906,11910,11937,11940,11953,11980,12002,12004,14005,14008,14017,14027
2216,2244,3495,3540,3575,3618,3647,3671,3784,3848,3854,7047,7048,7051,7054
7618,7621,7622,7624,7629,7630,7632,7634,7636,7640,10402,10403,10408,10413
9997,9999,10607,10612,10620,10621,10627,10629,10630,10631,12914,12915,12917,12931
14188,14196,14616,14623,14627,14628,14643,14652,14656,14659,14664,15780,15781,15789,15790
4036,4051,6470,6496,6533,6534,6554,6664,6717,6719,9756,9757,9761,9767
7807,7822,10169,10173,10198,10199,10228,10249,10253,10255,12605,12606,12608,12611
5999,6012,6014,6015,6032,6033,6038,6041,6044,6045,9198,9199,9201
8286,8287,8289,8291,8292,8293,8304,8308,8309,8311,8312,10927,10928,10931,10933
2648,2692,2694,2711,2725,2727,2734,2738,2753,2754,5205,5206,5212
7144,7146,7147,7148,7153,7154,7166,7167,7169,7170,10069,10070,10072,10073
15217,15234,15235,15238,15249,15250,15251,15252,15259,15260,16163,16165,16173,16175
3051,3117,3118,3149,3175,3187,3202,3212,3289,3358,3359,6200,6201,6210,6222
3436,3446,3447,3450,3466,3467,3485,3502,3524,3531,3532,5418,5419,5480,5636
2445,2454,2462,2474,2506,2507,2527,2552,2592,2604,4934,4935,4939,4940
8078,8090,8091,8100,8126,8127,8139,8151,8156,8203,8207,10754,10755,10773,10783
1744,1780,4788,4800,4807,4816,4844,4859,4883,4885,7776,7777,7778,7780
2184,2193,2206,2215,2235,2237,2259,2283,2294,2549,2554,4709,4711,4715,4718
7775,7779,8322,8331,8336,8337,8351,8367,8370,8379,8380,10935,10936,10939,10943
2965,3015,3492,3506,3551,3552,3577,3610,3708,3735,3744,6790,6791,6793,6794
16405,16425,16426,16429,16436,16438,16446,16452,16453,16459,16847,16848,16849,16858
8755,8766,10171,10176,10200,10201,10234,10243,10262,10265,12614,12615,12618,12621
7857,7877,8421,8450,8510,8511,8519,8583,8595,8597,11220,11221,11224,11229
10330,10339,10342,10345,10349,10350,10361,10366,10367,10369,10370,12723,12724,12726,12734
2666,2679,2844,2907,2978,2979,3026,3229,3262,3265,5904,5905,5907,5910
8681,8695,8698,8702,8708,8709,8716,8717,8721,8722,11510,11511,11516,11526
3094,3123,3138,3160,3197,3198,3226,3249,3363,3376,3379,6311,6312,6325,6337
7442,7458,7460,7462,7473,7474,7487,7492,7493,7498,7499,10359,10360,10362,10363
16259,16279,16282,16290,16297,16298,16301,16303,16307,16309,16778,16779,16783,16789
9068,9076,10167,10179,10187,10190,10208,10224,10252,10254,12601,12602,12603,12604
8315,8320,8327,8329,8333,8334,8355,8368,8372,8384,8396,10946,10947,10949,10952
14791,14793,14794,14795,14808,14809,14817,14818,14819,14822,15869,15870,15877,15883
8840,8846,8847,8850,8859,8860,8867,8879,8880,8885,8886,11588,11589,11590,11597
13848,13870,13871,13874,13877,13878,13890,13893,13895,13899,13901,15353,15356,15357,15358
15284,15307,15309,15317,15329,15330,15339,15343,15345,15346,15347,16257,16258,16265,16267
1985,2028,2056,2082,2097,2130,2164,2169,2355,2512,2515,4635,4636,4640,4644
12479,12490,12496,12505,12531,12532,12554,12571,12574,12589,12591,14420,14421,14428,14429
14948,14959,14960,14961,14972,14974,14978,14980,14989,14992,16009,16010,16012,16013
4303,4314,5438,5504,5583,5584,5647,5674,5777,5781,8953,8954,8964,8970
5968,5971,7656,7662,7672,7674,7687,7704,7715,7718,7719,10479,10480,10481,10494
3905,3927,5440,5455,5540,5632,5668,5694,5756,5792,5794,9041,9042,9046,9052
11420,11432,11886,11894,11915,11916,11941,11963,11991,11999,13968,13969,13970,13971
1689,1724,2826,2875,2929,2930,2968,3238,3243,3248,5839,5840,5841,5842
12668,12673,12674,12675,12680,12681,12686,12690,12692,12695,14480,14481,14485,14492
13598,13605,13609,13618,13626,13627,13637,13638,13640,13641,15122,15123,15132,15135
4240,4244,5447,5501,5579,5580,5643,5667,5776,5783,5788,8990,8991,8997,9005
12305,12322,12323,12330,12335,12336,12352,12354,12356,12359,12361,14279,14280,14285,14293
15733,15741,15742,15748,15755,15756,15760,15761,15762,15764,16486,16487,16490,16493
14259,14261,14264,14274,14282,14283,14286,14287,14290,14296,14297,15597,15598,15601,15602
1864,1904,1925,1940,1960,1980,1988,2423,2576,2577,4789,4790,4802
11839,11846,12488,12498,12512,12513,12535,12559,12585,12586,14408,14409,14412,14418
2436,2472,2482,2503,2511,2518,2529,2551,2615,2622,4941,4942,4951,4958
13926,13948,13949,13955,13960,13961,13962,13963,13964,13965,15413,15414,15418,15420
6179,6189,8324,8335,8342,8343,8358,8376,8383,8394,8395,10960,10961,10963,10968
7429,7447,8404,8436,8515,8516,8558,8627,8643,8645,11356,11357,11366,11371
6030,6053,7659,7668,7678,7679,7697,7701,7708,7714,10456,10458,10461,10475
3932,3947,3948,3952,3968,3970,3985,3986,3991,3993,7212,7216,7231
9570,9577,9578,9579,9586,9587,9590,9597,9599,9600,9601,12111,12112,12116,12127
1704,1769,1779,1793,1814,1832,1882,2175,2348,2351,4235,4237,4239,4247
16036,16045,16206,16209,16211,16212,16218,16225,16226,16229,16230,16752,16753,16754,16755
4229,4241,4786,4797,4825,4826,4851,4874,4894,4898,7789,7791,7792,7795
13994,14019,14021,14024,14025,14026,14034,14042,14044,14045,14046,15449,15450,15456,15467
2001,2021,2031,2042,2088,2089,2131,2361,2499,2500,4628,4629,4632,4634
14313,14327,14833,14837,14858,14859,14876,14884,14896,14901,15945,15946,15947,15953
7049,7057,7059,7062,7076,7077,7082,7083,7086,7087,10027,10028,10029,10034
8617,8626,8628,8634,8658,8659,8679,8694,8697,8700,8701,11496,11497,11501,11508
13656,13670,13671,13676,13679,13680,13688,13692,13694,13696,13697,15168,15169,15173,15175
12012,12023,12025,12026,12036,12037,12044,12046,12049,12050,14089,14092,14094,14097
16970,16993,16996,16999,17004,17005,17008,17012,17013,17015,17016,17111,17112,17113,17114
1522,1562,1568,1588,1619,1620,1647,1901,2148,2155,3889,3891,3894,3898
2546,2564,5423,5472,5527,5528,5623,5656,5662,5782,5786,8983,8984,8986,8988
16656,16664,16666,16667,16675,16676,16688,16689,16690,16691,16961,16962,16963,16969
9951,9960,10168,10178,10185,10186,10212,10232,10244,10245,12590,12598,12599,12600
3085,3148,5439,5456,5494,5495,5510,5635,5681,5682,8692,8693,8699,8703
2096,2151,2835,2857,2894,2895,2999,3234,3252,3253,5849,5850,5852,5859
2416,2461,2464,2475,2495,2508,2526,2544,2548,2627,2628,4980,4981,4984,4991
4820,4828,8407,8435,8445,8446,8463,8533,8573,8574,11168,11169,11173
9681,9690,9691,9698,9712,9713,9725,9736,9737,9740,9741,12206,12207,12210,12214
12128,12131,12132,12136,12144,12145,12157,12158,12160,12164,12165,14163,14164,14169,14178
11436,11443,11446,11454,11459,11460,11472,11479,11483,11484,11485,13573,13574,13580,13583
7529,7533,11909,11919,11928,11929,11951,11981,11993,11998,13972,13973,13978,13981
3769,3782,3786,3803,3827,3828,3850,3860,3866,3873,3874,7102,7103,7109,7117
2108,2139,5428,5473,5515,5582,5646,5664,5780,5808,5809,9091,9092,9093,9097
3256,3293,3520,3553,3619,3620,3664,3668,3789,3796,6938,6939,6945,6953
2801,2814,2815,2882,2939,2966,3034,3060,3192,3298,3302,6017,6018,6023,6028
6433,6439,6444,6447,6450,6451,6461,6502,6504,6547,6550,8615,8656,8668,8680
16508,16515,16516,16519,16524,16525,16527,16528,16529,16530,16894,16895,16896,16897
6261,6265,6266,6273,6293,6294,6298,6299,6300,6303,9314,9315,9317
6129,6135,6136,6139,6145,6146,6152,6154,6157,6161,6162,9244,9245,9248,9258
4421,4428,4429,4435,4447,4448,4457,4458,4466,4469,7544,7545,7546,7547
14430,14439,14697,14700,14704,14705,14714,14715,14717,14718,15812,15813,15816,15821
7065,7084,7085,7090,7098,7100,7107,7110,7114,7115,10036,10037,10038,10039
15724,15727,15728,15731,15736,15737,15745,15747,15749,15750,16480,16481,16483,16485
2353,2391,2400,2411,2441,2442,2449,2573,2640,2644,4992,4993,4998
14110,14116,14119,14125,14130,14131,14134,14135,14137,14138,14140,15517,15519,15523,15532
11200,11203,11206,11211,11225,11226,11227,11228,11231,11233,13455,13456,13460,13465
15371,15379,15382,15384,15395,15396,15399,15407,15409,15410,15411,16294,16295,16300,16302
7189,7202,7205,7214,7221,7222,7237,7246,7248,7251,7255,10087,10088,10095,10098
9355,9369,9370,9373,9374,9375,9388,9411,9415,9430,9431,11285,11286,11289,11291
9770,9776,9777,9778,9783,9784,9786,9787,9788,9789,12258,12259,12270,12273
15855,15871,15872,15876,15878,15879,15893,15896,15902,15906,15907,16207,16208,16210,16214
4181,4200,4201,4203,4208,4209,4212,4220,4222,4223,4224,7414,7415,7417,7424
4631,4641,4764,4773,4798,4799,4827,4830,4832,4860,4868,7670,7671,7681,7702
13265,13285,13286,13287,13293,13294,13302,13306,13308,13309,13312,14957,14958,14964,14965
7643,7654,8115,8131,8154,8155,8185,8196,8206,8218,8219,10828,10829,10832,10837
15064,15074,15077,15078,15086,15087,15089,15090,15099,15100,16076,16079,16083,16087
12349,12360,13905,13913,13917,13918,13931,13942,13943,13946,13947,15392,15393,15397,15400
4606,4614,5448,5499,5569,5570,5602,5695,5748,5749,8853,8856,8858,8868
2128,2154,3512,3522,3583,3611,3652,3679,3775,3801,3807,6955,6956,6957,6960
6231,6234,6235,6236,6242,6243,6244,6245,6252,6256,9296,9297,9302,9313
15505,15513,15515,15521,15526,15527,15542,15555,15558,15562,15563,16376,16377,16378,16379
14228,14229,14230,14234,14237,14238,14251,14260,14263,14265,14266,15584,15585,15586,15587
13559,13572,13575,13576,13587,13589,13593,13594,13595,13596,15107,15108,15109,15111
10192,10237,10421,10424,10442,10443,10466,10471,10472,10474,12816,12817,12825,12828
14828,14848,14855,14863,14889,14890,14897,14904,14906,14908,15954,15955,15959,15964
8871,8873,8875,8878,8881,8882,8893,8894,8895,8897,11599,11600,11601,11602
1695,1748,2839,2862,2867,2868,2951,3054,3206,3207,5833,5834,5835,5837
9014,9033,9034,9045,9055,9057,9061,9062,9063,9065,9066,11717,11718,11721,11727
8401,8438,8447,8473,8536,8537,8568,8618,8657,8661,11413,11414,11416,11417
1929,1983,1987,2006,2050,2051,2075,2387,2459,2465,4516,4517,4521,4526
14294,14302,14303,14308,14316,14318,14323,14333,14335,14336,14337,15623,15624,15626,15629
1782,1853,1855,1872,1900,1907,1931,2114,2375,2378,4285,4286,4292,4307
5154,5168,5169,5170,5177,5178,5189,5190,5195,5196,8061,8062,8069,8075
14162,14173,14174,14177,14181,14183,14184,14187,14190,14191,15567,15568,15571,15573
9927,9944,9945,9946,9954,9955,9961,9966,9968,9971,9972,12379,12380,12384,12387
10292,10296,10297,10302,10307,10308,10317,10320,10321,10329,10336,12688,12691,12697,12698
3407,3415,3416,3418,3425,3426,3438,3454,3457,3459,3460,6431,6432,6435,6441
4591,4607,4609,4610,4620,4621,4623,4624,4625,4626,7615,7616,7617
3217,3236,3491,3529,3548,3549,3580,3605,3717,3718,6758,6759,6762,6765
7825,7827,7828,7831,7833,7839,7843,7850,7853,7862,7863,10564,10565,10566,10567
2282,2316,2840,2859,2953,3055,3087,3122,3328,3391,3401,6372,6373,6377,6381
2104,2119,2149,2171,2194,2205,2232,2258,2310,2541,2542,4698,4699,4704,4708
4896,4914,4916,4921,4922,4923,4937,4944,4945,4949,4950,7824,7826,7830,7832
5638,5673,6483,6512,6573,6574,6630,6694,6727,6730,9806,9810,9814,9820
15707,15710,15711,15713,15718,15719,15729,15738,15740,15743,15744,16475,16476,16477,16478
4551,4555,4556,4558,4566,4567,4577,4593,4595,4596,4597,7590,7591,7593,7607
7587,7605,8097,8101,8105,8106,8120,8123,8136,8142,10721,10722,10733
7307,7311,7312,7313,7319,7320,7331,7338,7341,7344,7347,10163,10164,10183,10191
6238,6246,6247,6253,6262,6263,6274,6284,6287,6290,6291,6452,6453,6457,6462
7132,7143,7145,7149,7151,7152,7155,7157,7163,7164,10059,10060,10067,10068
4028,4030,5445,5506,5557,5558,5606,5693,5753,5754,8876,8877,8884,8887
10512,10528,11904,11913,11942,11943,11968,11989,12019,12020,14062,14063,14069,14074
1895,1969,2003,2023,2069,2070,2101,2380,2486,2501,4563,4564,4568,4578
7845,7848,7849,7851,7855,7856,7866,7878,7881,7885,7888,10568,10569,10570,10571
1446,1493,1502,1517,1555,1556,1589,1945,2077,2107,3712,3731,3805
15394,15403,15405,15406,15415,15416,15419,15425,15426,15431,15433,16304,16305,16306,16314
14220,14235,14236,14239,14252,14253,14271,14273,14276,14277,15588,15589,15592,15596
16960,16964,16965,16973,16977,16978,16980,16981,16989,16990,17079,17080,17087,17093
6223,6232,7326,7330,7352,7362,7367,7378,7380,7391,7392,8110,8111,8118,8140
11448,11462,11463,11464,11470,11471,11477,11478,11480,11482,13567,13568,13569,13571
13827,13855,13856,13859,13868,13869,13891,13896,13898,13908,13909,15364,15365,15368,15370
17161
7730,7738,7739,7742,7756,7757,7767,7769,7771,7772,7773,10539,10540,10545,10553
6080,6092,9406,9424,9464,9465,9496,9498,9529,9535,11961,11978,11986,12009
17156
8890,8891,8892,8898,8899,8900,8909,8915,8919,8921,8922,11605,11606,11613,11628
7089,7104,7105,7106,7120,7121,7130,7135,7137,7138,7139,10053,10054,10055,10058
7703,7711,7713,7725,7736,7737,7751,7755,7759,7760,7761,10523,10524,10527,10535
7201,7217,8400,8439,8478,8480,8539,8553,8631,8635,11295,11296,11297,11300
10915,10923,10924,10925,10929,10930,10937,10940,10942,10944,10948,13120,13121,13122,13123
4527,4540,5306,5323,5350,5359,5382,5406,5408,5410,5415,8364,8365,8378,8398
15151,15160,15161,15162,15170,15171,15174,15178,15180,15182,15183,16130,16131,16133,16134
16047,16066,16067,16068,16071,16072,16091,16093,16095,16108,16109,16672,16673,16677,16681
1351,1403,1408,1417,1458,1469,1505,1734,1767,1784,3239,3250,3361,3393
2777,2788,2837,2858,2884,2885,2921,3062,3184,3193,5815,5816,5819,5823
1996,2027,2058,2086,2145,2163,2195,2236,2324,2536,2538,4684,4685,4687,4688
8691,8710,8711,8724,8726,8727,8741,8747,8749,8750,8751,11533,11534,11537,11540
2559,2607,2663,2669,2696,2697,2706,2718,2726,2732,5151,5155,5158,5160
9975,9979,10723,10730,10743,10744,10767,10776,10782,10788,10791,13038,13039,13041,13042
11372,11389,12486,12491,12501,12506,12529,12555,12567,12575,12577,14369,14370,14378,14388
5090,5102,6467,6503,6582,6583,6625,6696,6732,6737,9835,9836,9841,9847
3082,3109,3126,3134,3173,3188,3201,3209,3291,3352,3353,6184,6185,6195,6198
13301,13304,13847,13854,13872,13873,13876,13879,13885,13888,13889,15341,15342,15348,15352
1560,1582,1613,1662,1701,1702,1732,1764,2276,2281,4025,4026,4029,4031
14601,14611,14612,14613,14620,14621,14636,14639,14641,14642,14646,15773,15774,15777,15779
2602,2630,2643,2646,2670,2671,2699,2715,2717,2723,2729,5137,5139,5142,5150
12327,12331,12982,12995,13003,13004,13013,13016,13031,13032,14748,14749,14750,14751
2178,2220,2838,2906,2981,3037,3067,3113,3329,3378,3380,6339,6340,6352,6355
2469,2497,5443,5508,5554,5555,5601,5701,5744,5745,8838,8839,8844,8852
7946,7966,7967,7971,7977,7978,7985,7986,7988,7989,7991,10667,10668,10671,10677
9478,9507,9508,9514,9536,9537,9545,9549,9555,9556,12066,12067,12071,12072
13788,13801,13806,13809,13811,13812,13822,13836,13838,13841,13842,15268,15269,15275,15283
9576,9581,10165,10175,10202,10203,10227,10251,10264,10266,12637,12638,12646,12651
6795,6814,6815,6819,6824,6825,6826,6832,6837,6838,9913,9914,9920,9926
1817,1889,1891,1909,1934,1935,1956,2035,2393,2397,4309,4310,4312,4320
4139,4162,4163,4168,4184,4185,4188,4189,4192,4193,7350,7351,7364,7372
4210,4213,5658,5671,5696,5697,5722,5736,5795,5806,5807,9084,9085,9088,9090
1393,1415,1438,1474,1484,1485,1490,1524,1626,1645,2795,2796,2802,2817
10035,10043,10044,10046,10048,10049,10056,10062,10063,10065,10066,12405,12406,12413,12414
3958,3978,5451,5493,5576,5599,5639,5676,5772,5774,8949,8950,8951
3275,3311,3313,3325,3349,3350,3366,3384,3389,3399,3400,3469,3470,3478,3488
16902,16910,16911,16913,16918,16920,16929,16931,16936,16939,16940,17058,17059,17061,17065
8941,8956,8957,8963,8968,8969,8974,8977,8978,8980,11639,11640,11655,11664
5911,5916,5917,5918,5930,5931,5938,5948,5951,5956,5957,9151,9152,9157,9163
7801,7819,8325,8328,8347,8348,8354,8374,8381,8392,8393,10953,10954,10956,10959
14305,14310,14311,14317,14321,14322,14324,14328,14331,14332,15614,15615,15618,15622
8041,8055,8056,8060,8064,8065,8074,8080,8082,8083,8084,10706,10707,10715,10719
1655,1670,1706,1741,1791,1822,1860,1874,2190,2347,2350,4227,4228,4230,4234
12833,12837,12838,12840,12851,12852,12856,12863,12865,12868,12869,14609,14610,14614,14615
4043,4062,4766,4774,4783,4784,4817,4834,4863,4882,4884,7764,7765,7768,7774
14141,14151,14153,14157,14158,14159,14165,14166,14167,14168,15533,15534,15539,15547
4027,4034,4037,4040,4044,4045,4055,4058,4059,4064,4066,5385,5392,5394,5416
15187,15193,15194,15195,15201,15202,15205,15206,15209,15213,15214,16135,16136,16138,16141
2252,2277,2280,2287,2313,2314,2339,2368,2484,2558,2563,4748,4749,4751,4761
15498,15511,15512,15518,15524,15525,15536,15538,15541,15543,15544,16368,16369,16370,16371
11730,11732,13825,13828,13839,13840,13845,13850,13857,13858,15285,15291,15297,15298
1611,1679,1693,1720,1770,1771,1821,2264,2311,2317,4118,4120,4125,4138
4134,4158,6481,6520,6562,6563,6604,6654,6679,6680,9594,9595,9604
14921,14928,14929,14931,14935,14936,14938,14939,14940,14942,15985,15986,15992,15995
7870,7898,8098,8108,8121,8122,8147,8168,8175,8176,10735,10736,10738,10751
15996,16002,16004,16007,16017,16018,16020,16029,16031,16038,16039,16188,16189,16191,16195
9202,9211,9212,9213,9220,9221,9230,9232,9233,9234,11779,11780,11789
5269,5287,7264,7267,7280,7281,7288,7296,7298,7300,7302,10135,10136,10142,10147
10934,10938,10982,11005,11059,11060,11070,11109,11135,11136,13385,13389,13395,13401
8012,8022,8024,8028,8033,8034,8038,8039,8044,8046,8047,10684,10685,10696,10698
14537,14559,14561,14566,14567,14568,14576,14584,14587,14590,14591,15752,15753,15759,15767
9400,9428,9434,9441,9456,9457,9472,9497,9533,9534,12034,12035,12041,12042
16412,16421,16424,16428,16434,16435,16450,16454,16462,16467,16471,16867,16868,16871,16874
4249,4262,5386,5393,5413,5414,5453,5482,5660,5675,8682,8683,8684,8690
4970,4978,5434,5500,5559,5560,5610,5691,5757,5758,8888,8889,8896,8902
17046,17055,17057,17062,17072,17073,17088,17092,17096,17098,17099,17133,17134,17136,17138
3487,3555,3566,3582,3635,3636,3676,3781,3788,3791,6917,6918,6925,6937
7781,7784,7785,7787,7793,7794,7802,7809,7811,7816,7818,10554,10555,10557,10563
10602,10609,12745,12754,12755,12765,12768,14535,14536,14540,14549
10893,10900,10901,10906,10912,10913,10918,10920,10921,10922,13107,13108,13110,13118
5824,5836,8406,8428,8479,8547,8582,8602,8662,8670,8672,11449,11450,11455,11465
14740,14753,14756,14757,14759,14760,14768,14773,14778,14780,14781,15844,15845,15849,15854
9614,9622,10593,10595,10610,10611,10614,10617,10618,10619,12896,12897,12902,12913
7980,7992,10090,10093,10096,10097,10110,10119,10122,10126,10128,12435,12436,12437,12438
10496,10499,10979,10992,11015,11016,11055,11077,11098,11099,13266,13274,13283,13288
12966,12973,13139,13148,13161,13162,13185,13204,13213,13214,13846,13853,13865,13880
7431,7448,7450,7452,7463,7464,7472,7477,7478,7482,7483,8094,8095,8099,8107
7918,7943,9407,9422,9446,9447,9471,9506,9520,9541,9546,12045,12047,12053,12056
3955,3967,3969,3975,3989,3990,3999,4007,4008,4012,4013,7240,7241,7243,7250
11665,11676,11678,11681,11688,11689,11695,11698,11700,11701,11702,13714,13715,13716,13719
4438,4454,4455,4461,4480,4482,4497,4504,4506,4512,4514,7559,7560,7561,7565
9192,9200,9381,9386,9412,9413,9445,9470,9483,9512,9513,11048,11087,11117,11142
10635,10648,11900,11921,11930,11931,11958,11975,11987,11994,11995,13982,13983,13989,13993
11871,11876,11877,11878,11889,11891,11914,11925,11933,11964,11965,13929,13930,13938,13950
4276,4287,4288,4294,4302,4304,4311,4317,4319,4326,4327,7443,7444,7451,7455
1837,1906,1922,1926,1948,1949,1973,2007,2417,2432,2434,4418,4419,4426,4437
8825,8841,8842,8845,8854,8855,8863,8864,8865,8866,11583,11584,11586
15548,15569,15900,15913,15924,15925,15933,15938,15941,15942,15943,16595,16596,16601,16609
1549,1571,1590,1628,1637,1638,1683,1840,2242,2245,3957,3959,3963,3979
1899,1970,2002,2026,2052,2053,2080,2385,2447,2452,4473,4474,4486,4492
6897,6900,6901,6907,6914,6915,6936,6946,6948,6951,6952,9991,9992,9993,9994
8093,8102,8104,8109,8137,8138,8167,8188,8208,8210,10807,10808,10811,10820
7669,7698,7700,7707,7726,7727,7740,7747,7749,7752,7753,10513,10514,10515,10521
1503,1538,1552,1574,1636,1688,1728,1765,2285,2296,4046,4047,4052,4067
11745,11750,11751,11754,11762,11763,11777,11787,11791,11796,11797,13742,13746,13753,13756
13723,13741,13744,13747,13751,13752,13754,13755,13758,13759,15191,15192,15196,15197
2388,2426,3493,3526,3571,3572,3576,3641,3694,3696,6745,6746,6747,6748
7592,7598,7921,7926,7937,7938,7947,7949,7959,7962,10636,10637,10638,10644
1513,1557,1558,1596,1633,1634,1673,1865,2212,2221,3914,3915,3918
12407,12418,12419,12420,12428,12429,12432,12442,12446,12450,12452,14314,14315,14319,14325
4847,4866,5257,5261,5263,5265,5271,5277,5284,5321,5326,8144,8152,8202,8225
10384,10397,10398,10400,10406,10407,10412,10431,10446,10449,10450,12746,12753,12764,12776
12344,12357,12358,12362,12367,12368,12374,12381,12382,12385,12386,14295,14298,14301,14304
3922,3931,3933,3934,3941,3942,3961,3964,3966,3973,3974,7187,7188,7190,7200
3016,3059,5072,5076,5096,5097,5123,5143,5145,5147,5148,8015,8016,8019,8029
15901,15908,15910,15914,15917,15918,15920,15926,15928,15930,15931,16590,16591,16593,16594
16088,16101,16102,16105,16119,16120,16124,16126,16127,16128,16695,16696,16698,16701
4199,4202,5425,5465,5525,5526,5629,5683,5765,5769,8931,8932,8935,8938
1465,1480,1482,1509,1541,1542,1593,1944,2076,2109,3509,3525,3588,3709
4094,4097,4098,4102,4110,4111,4115,4126,4130,4137,4145,7315,7317,7318,7322
5993,6003,6491,6511,6537,6558,6606,6619,6699,6724,6726,9781,9782,9785,9790
4245,4253,5303,5311,5330,5331,5356,5362,5377,5379,8316,8317,8318,8319
11766,11782,11783,11784,11798,11799,11807,11808,11815,11816,13773,13774,13778,13787
1871,1912,1916,1928,1938,1939,1954,2043,2394,2396,4321,4322,4331,4337
4701,4707,5422,5474,5516,5517,5541,5716,5798,5802,9069,9070,9071,9072
2741,2755,2759,2767,2772,2774,2786,2797,2800,2805,2807,5244,5245,5248,5251
3800,3833,3841,3849,3856,3857,3872,3884,3885,3890,3892,7141,7142,7150,7158
11888,11924,12484,12497,12518,12519,12539,12552,12568,12569,14358,14359,14365,14368
16315,16326,16328,16329,16337,16338,16347,16348,16350,16351,16352,16811,16812,16814,16819
15794,15806,15807,15809,15818,15819,15824,15834,15835,15838,15839,16522,16523,16526,16533
2022,2072,2074,2113,2167,2168,2197,2223,2335,2521,2532,4663,4664,4672,4673
16866,16869,16870,16873,16878,16879,16888,16889,16890,16891,17044,17045,17050,17056
8908,8914,10089,10094,10107,10108,10114,10115,10117,10118,12423,12424,12425,12433
11491,11503,11504,11507,11514,11515,11517,11518,11521,11522,13585,13586,13591,13597
6857,6865,6868,6875,6878,6879,6889,6902,6906,6908,6910,9948,9949,9959,9962
12138,12146,13171,13177,13205,13206,13228,13236,13243,13253,13254,14917,14918,14919,14920
1534,1576,1585,1606,1623,1653,1708,1752,2279,2301,2303,4088,4089,4090,4091
11509,11519,11520,11531,11535,11536,11539,11547,11549,11551,11552,13607,13608,13610,13619
4360,4382,4383,4389,4406,4407,4415,4424,4427,4430,4431,7535,7536,7542,7543
2073,2129,2842,2909,3003,3004,3080,3153,3309,3315,6064,6065,6073,6077
2170,2200,2832,2861,2900,2920,2974,3031,3220,3277,3279,5943,5944,5954,5966
5381,5405,6485,6523,6561,6612,6640,6653,6682,6712,6715,9734,9735,9742,9755
16801,16805,16806,16807,16808,16809,16815,16816,16818,16822,16823,17024,17025,17029,17030
12422,12426,12427,12431,12443,12444,12457,12461,12464,12468,12471,14326,14329,14330,14338
1742,1799,1813,1852,1880,1881,1892,2156,2362,2366,4267,4268,4270,4273
15613,15619,15620,15625,15633,15634,15637,15639,15645,15646,16413,16414,16422,16430
6986,7000,7001,7004,7015,7016,7031,7040,7044,7052,7053,10009,10010,10011,10012
15299,15323,15324,15328,15332,15335,15337,15349,15350,15354,15355,16272,16273,16274,16278
3439,3462,3463,3464,3479,3480,3489,3507,3533,3550,6468,6469,6545,6666
16176,16185,16186,16190,16192,16193,16196,16200,16201,16203,16204,16743,16744,16750,16751
7160,7168,8425,8457,8494,8495,8527,8572,8613,8621,11280,11281,11282,11283
4178,4190,5446,5512,5572,5573,5652,5679,5770,5787,5789,9015,9016,9018,9022
6867,6886,6888,6890,6903,6904,6919,6923,6927,6928,9964,9965,9974
1687,1717,1738,1763,1802,1803,1827,2254,2318,2322,4159,4160,4164
9793,9800,9801,9807,9815,9816,9818,9819,9824,9828,9829,12284,12285,12292,12296
12944,12956,12958,12959,12969,12970,12975,12979,12987,13005,13007,14695,14696,14699,14703
5851,5867,5868,5870,5882,5883,5885,5886,5889,5893,5894,9126,9128,9132,9135
15012,15024,15025,15030,15032,15033,15040,15041,15043,15044,16048,16049,16051,16055
1315,1317,1318,1322,1334,1335,1349,1371,1372,1387,1392,1428,1450,1561,1993
7459,7467,8419,8460,8514,8517,8557,8629,8640,8641,11325,11326,11332,11344
12749,12756,12761,12769,12783,12784,12795,12797,12812,12813,14578,14579,14586,14592
10576,10580,10582,10585,10587,10588,10596,10598,10600,10603,10604,12878,12882,12890,12894
3079,3128,3133,3165,3177,3178,3205,3296,3347,3351,6173,6174,6175,6183
7994,7998,8000,8001,8007,8008,8013,8020,8023,8026,8027,10678,10679,10682,10683
8925,8933,8934,8937,8943,8944,8946,8958,8959,8961,8962,11630,11631,11635,11638
7813,7821,9405,9416,9453,9454,9481,9510,9515,9550,9551,12057,12058,12059,12065
1807,1869,2841,2905,2982,3033,3104,3136,3320,3330,3331,6099,6100,6104,6109
9081,9086,9087,9089,9094,9095,9101,9103,9105,9112,9114,11728,11729,11731,11733
14564,14575,14698,14701,14709,14710,14719,14720,14723,14726,15822,15823,15828,15831
16431,16437,16441,16444,16447,16448,16455,16461,16465,16466,16859,16860,16863,16865
13408,13412,13413,13414,13419,13420,13426,13431,13432,13435,13436,15038,15039,15042,15049
3714,3736,5424,5463,5477,5478,5513,5624,5685,5689,8704,8705,8707,8712
16215,16220,16403,16407,16409,16410,16415,16416,16419,16420,16830,16831,16833,16837
13023,13040,14347,14350,14353,14354,14366,14373,14376,14379,14384,15631,15632,15641,15647
1989,2047,2830,2854,2896,2897,2988,3235,3245,3246,5843,5844,5847,5848
2430,2456,2665,2678,2700,2701,2720,2748,2752,2762,2765,5225,5226,5232,5237
11587,11593,11594,11596,11604,11607,11617,11620,11624,11625,13643,13644,13652,13655
14051,14064,14065,14066,14072,14073,14079,14080,14081,14082,15490,15491,15493,15497
11358,11376,11377,11380,11398,11399,11407,11409,11412,11415,13537,13538,13541,13545
12955,12960,12961,12962,12967,12968,12976,12994,13001,13008,13009,14706,14707,14711,14721
8141,8165,8180,8194,8199,8200,8215,8232,8239,8241,10852,10853,10859,10865
7566,7582,7583,7588,7602,7603,7604,7606,7610,7611,10394,10395,10401
15442,15454,15455,15458,15464,15465,15470,15472,15476,15480,16334,16335,16336,16339
2325,2367,2369,2386,2414,2415,2439,2574,2645,2651,4999,5000,5005,5019
5898,5906,8616,8622,8648,8654,8675,8685,8686,8688,8689,11492,11493,11494,11495
6207,6227,7329,7339,7365,7366,7371,7376,7381,7386,10193,10194,10197,10216
5047,5064,5065,5067,5085,5086,5107,5110,5112,5121,5125,7953,7958,7969,7979
4409,4422,4423,4432,4441,4442,4456,4462,4465,4467,4468,5253,5254,5266,5295
16840,16852,16854,16856,16861,16862,16872,16877,16881,16883,16884,17039,17040,17042,17043
16056,16069,16070,16080,16084,16085,16094,16097,16103,16104,16657,16658,16662,16671
10686,10701,10702,10704,10709,10711,10714,10716,10717,10718,12964,12965,12972,12977
12607,12609,12610,12613,12616,12617,12620,12631,12633,12639,12640,14464,14465,14466,14467
11425,11440,11441,11442,11444,11445,11458,11461,11473,11474,13557,13558,13562,13566
10720,10739,10742,10752,10757,10758,10789,10802,10803,10809,10810,13053,13054,13062,13066
4264,4269,4271,4272,4281,4282,4290,4295,4297,4298,7434,7435,7441
2196,2233,2820,2890,2914,3005,3073,3105,3129,3321,3322,6094,6095,6096,6098
2572,2605,2613,2617,2638,2639,2658,2672,2686,2688,5092,5093,5099
15363,15366,15367,15369,15374,15375,15378,15380,15383,15388,15389,16280,16284,16285,16293
12916,12935,13140,13145,13151,13152,13183,13208,13219,13220,14873,14874,14886,14900
13345,13348,13350,13354,13355,13356,13361,13362,13363,13364,15000,15001,15005,15010
13974,13985,13987,13988,14001,14002,14018,14020,14022,14023,15440,15441,15444,15448
6384,6390,6392,6396,6402,6403,6417,6418,6421,6422,9348,9349,9352,9354
9837,9851,9852,9861,9864,9865,9874,9875,9877,9878,12328,12329,12332,12339
4266,4278,4279,4280,4289,4291,4306,4323,4329,4332,4333,7456,7457,7465,7475
1312,1319,1320,1324,1326,1330,1336,1339,1345,1346,1347,1350,1353
7628,7635,8116,8125,8148,8149,8164,8195,8204,8205,10786,10792,10799,10805
1325,1331,1333,1337,1359,1360,1379,1397,1402,1427,1448,2566,2581,2635,2660
13360,13366,13367,13371,13372,13373,13380,13382,13387,13391,13392,15013,15014,15019,15026
6792,6798,6799,6802,6807,6808,6811,6813,6817,6818,9898,9899,9902,9912
3336,3356,5444,5505,5550,5551,5613,5690,5759,5762,8904,8905,8906,8907
3382,3388,3513,3556,3591,3592,3624,3703,3746,3749,6812,6816,6822,6829
14028,14039,14040,14041,14054,14055,14056,14057,14059,14060,15468,15469,15482,15487
6275,6279,6282,6292,6304,6305,6308,6319,6324,6331,6332,9318,9319,9320,9324
2338,2373,2831,2874,2928,2980,3024,3076,3158,3306,3308,6051,6052,6055,6063
12216,12220,12221,12223,12234,12235,12243,12249,12251,12254,12255,14200,14201,14202,14203
10509,10518,10520,10525,10529,10530,10543,10544,10547,10548,10549,12858,12859,12862,12870
8765,8769,8770,8776,8778,8779,8793,8795,8797,8800,8803,11554,11555,11557,11561
15423,15437,15438,15443,15446,15447,15460,15474,15481,15483,15484,16340,16341,16346,16353
1478,1537,1553,1573,1602,1603,1654,1699,1788,2272,2274,4018,4019,4022,4024
4710,4723,4724,4726,4731,4732,4745,4757,4760,4768,4776,5193,5194,5200,5204
12068,12069,12070,12076,12080,12081,12088,12089,12091,12097,12098,14108,14109,14121,14126
2054,2091,2569,2579,2590,2594,2608,2634,2649,2652,5021,5022,5035,5043
16948,16954,16955,16959,16967,16968,16979,16982,16986,16992,16997,17095,17097,17104,17106
6186,6203,6204,6205,6208,6209,6212,6214,6215,6216,9271,9272,9274,9278
14399,14400,14401,14402,14404,14405,14411,14413,14415,14416,14417,15662,15663,15669,15675
11556,11566,11857,11862,11864,11865,11866,11867,11868,11869,13804,13805,13810,13814
16380,16383,16384,16386,16390,16391,16394,16395,16397,16399,16400,16826,16827,16828,16829
2257,2269,2834,2865,2931,2932,3046,3218,3285,3286,5991,5992,5996,5998
7956,7970,8414,8462,8481,8482,8526,8576,8607,8609,11263,11265,11269,11274
9227,9241,9242,9252,9267,9268,9285,9288,9298,9301,11829,11830,11831,11832
4747,4752,4753,4754,4779,4780,4811,4819,4829,4839,7657,7658,7663,7666
10868,10887,10888,10892,10897,10898,10902,10904,10905,10907,13098,13099,13100,13106
14694,14702,14805,14810,14813,14814,14825,14838,14842,14850,14851,15359,15360,15361,15362
7029,7038,7039,7045,7060,7061,7073,7075,7079,7080,10018,10019,10023,10026
9023,9031,9382,9389,9417,9418,9449,9488,9500,9530,9531,12010,12018,12024,12032
10061,10071,10985,10994,11021,11022,11061,11076,11103,11114,13290,13291,13292,13297
4475,4487,4488,4491,4502,4503,4513,4518,4520,4522,4523,7568,7569,7570,7571
2268,2275,2851,2908,2996,2997,3083,3152,3312,3316,6081,6083,6086,6087
13320,13334,14521,14523,14531,14532,14546,14553,14555,14557,14558,15734,15735,15746,15751
15868,15873,15874,15875,15880,15881,15887,15888,15889,15890,16560,16561,16564,16572
7446,7470,11049,11063,11083,11084,11112,11133,11138,11141,13402,13405,13406,13407
7070,7093,8413,8429,8472,8501,8523,8578,8599,8600,11241,11242,11244,11246
1321,1343,1348,1354,1380,1381,1409,1429,1527,1565,2763,2764,2771,2781
5004,5008,5009,5010,5030,5031,5036,5039,5041,5042,7883,7884,7890,7893
10875,10896,12481,12494,12520,12521,12540,12542,12576,12583,14389,14390,14391,14392
13642,13659,13660,13661,13668,13669,13678,13682,13684,13685,13686,15164,15165,15166,15167
10945,10950,10951,10955,10957,10958,10964,10965,10966,10967,13124,13125,13128,13133
13439,13446,14518,14522,14528,14529,14538,14539,14541,14543,15716,15717,15721,15723
6775,6778,10419,10427,10436,10437,10464,10483,10485,10489,10491,12829,12830,12835,12845
7211,7234,7235,7238,7244,7245,7259,7271,7273,7275,7276,10100,10101,10109,10123
11284,11298,12480,12495,12516,12517,12547,12557,12563,12578,12581,14393,14394,14395,14396
6993,7002,8614,8624,8630,8638,8649,8663,8677,8678,11487,11488,11489,11490
9733,9752,9753,9754,9759,9760,9763,9764,9765,9766,12241,12242,12248,12256
13907,13912,13914,13919,13921,13922,13939,13951,13953,13957,13958,15401,15402,15404,15412
9548,9571,10975,10987,11003,11004,11033,11051,11081,11086,13235,13244,13248,13262
16761,16768,16951,16953,16956,16957,16975,16983,16985,16995,16998,17107,17108,17109,17110
9607,9621,9623,9624,9625,9626,9633,9640,9641,9644,9645,12139,12140,12142,12151
11719,11720,12879,12888,12891,12892,12909,12925,12926,12929,12930,14669,14670,14673,14680
2153,2208,2217,2230,2239,2240,2270,2297,2547,2620,2621,4967,4968,4971,4979
4511,4524,4525,4530,4533,4534,4543,4544,4547,4549,7573,7574,7576
13449,13457,13458,13459,13461,13462,13471,13472,13474,13476,15050,15051,15052,15058
8806,8819,8821,8822,8834,8835,8843,8848,8851,8857,8861,11578,11579,11580,11582
10312,10323,10324,10334,10343,10344,10348,10351,10353,10355,10357,12714,12715,12717,12722
6039,6046,6048,6054,6059,6060,6067,6068,6069,6071,9203,9204,9206,9207
16907,16919,16921,16922,16927,16928,16941,16942,16943,16945,16946,17067,17068,17070,17078
11327,11340,11341,11349,11364,11365,11375,11388,11390,11394,11397,13526,13527,13528,13529
12388,12396,12983,12989,13000,13002,13006,13015,13021,13022,14724,14725,14727,14730
3036,3065,3098,3125,3171,3172,3180,3303,3340,3344,6150,6151,6153,6156
14456,14462,14806,14812,14823,14824,14852,14867,14870,14878,14883,15899,15903,15909,15921
12622,12642,12984,12991,12998,12999,13018,13020,13027,13028,14738,14739,14744,14747
4355,4375,4376,4379,4390,4392,4395,4401,4404,4405,7521,7522,7528
4872,4891,4892,4900,4907,4908,4919,4924,4926,4927,4929,7814,7815,7820,7823
12110,12119,12120,12126,12134,12135,12143,12147,12150,12154,12155,14154,14155,14156,14161
4035,4048,4050,4057,4060,4063,4077,4079,4080,4082,7286,7287,7295,7306
12689,12702,12880,12886,12893,12895,12905,12906,12908,12910,12911,14634,14635,14637,14645
1584,1618,1663,1707,1736,1737,1759,2278,2300,2304,4084,4085,4086
6270,6296,6297,6301,6315,6316,6323,6329,6333,6335,9325,9326,9327,9334
4157,4167,4169,4170,4172,4173,4187,4194,4195,4197,4198,7375,7388,7406,7412
16683,16692,16693,16697,16699,16700,16705,16706,16707,16708,16971,16972,16974,16988
8745,8752,8754,8758,8760,8761,8775,8780,8781,8783,8784,11542,11543,11544,11553
10124,10129,10130,10132,10138,10140,10145,10146,10151,10152,12440,12441,12447,12465
13119,13127,13129,13131,13146,13147,13163,13188,13203,13215,13225,14830,14831,14849,14871
2404,2431,2833,2864,2947,2948,3058,3203,3295,3297,6009,6010,6011,6016
8004,8018,8424,8448,8512,8513,8562,8623,8646,8647,11373,11374,11381,11383
14344,14355,14356,14364,14371,14372,14375,14377,14380,14381,15648,15649,15652,15653
1824,1863,2836,2863,2887,2942,2958,3048,3215,3283,3284,5985,5986,5989,5990
8226,8249,8415,8459,8485,8486,8530,8571,8610,8611,11275,11276,11277,11278
1924,1961,2011,2030,2071,2078,2100,2381,2493,2494,4603,4604,4608,4616
14945,14951,14952,14954,14962,14963,14975,14986,14990,14993,14994,16014,16015,16016,16021
10830,10831,11905,11917,11926,11927,11962,11977,11983,11984,13952,13956,13959,13966
11541,11545,11546,11550,11558,11559,11564,11570,11571,11573,11574,13621,13622,13625,13629
1439,1500,1520,1559,1614,1615,1648,1876,2191,2211,3903,3904,3908,3913
15096,15110,15287,15293,15295,15296,15310,15313,15318,15319,15320,16234,16235,16240,16245
5804,5817,5818,5820,5821,5822,5827,5829,5830,5831,9099,9100,9102,9108
7526,7527,8409,8427,8442,8443,8464,8496,8586,8588,11174,11175,11177,11183
3772,3802,3806,3818,3836,3837,3859,3871,3877,3881,3882,7118,7119,7123,7131
14407,14422,14423,14426,14433,14434,14441,14447,14448,14453,14454,15677,15678,15683,15687
1355,1394,1404,1420,1463,1464,1487,1525,1607,1624,2792,2793,2794
10375,10385,10387,10396,10404,10405,10411,10426,10429,10435,10445,10605,10606,10615,10624
6954,6958,6959,6964,6969,6970,6971,6974,6977,6979,9995,9996,9998,10000
14550,14569,14835,14840,14861,14862,14875,14887,14891,14893,15922,15923,15929,15934
15935,15948,15949,15950,15951,15952,15958,15962,15965,15969,15970,16610,16611,16615,16618
16142,16152,16153,16154,16155,16156,16161,16164,16168,16169,16715,16716,16720,16723
14647,14657,14658,14663,14667,14668,14677,14684,14686,14687,14688,15803,15804,15808,15810
2029,2103,2123,2138,2158,2159,2198,2219,2336,2523,2525,4674,4675,4676,4677
4014,4020,5449,5502,5561,5562,5598,5703,5734,5735,8790,8791,8792,8804
7374,7397,7405,7410,7421,7422,7432,7437,7439,7445,7449,10331,10335,10337,10338
1735,1778,2823,2873,2891,2892,3007,3233,3254,3255,5861,5862,5864,5878
9138,9139,9140,9143,9155,9156,9160,9161,9162,9166,11746,11747,11749,11755
4931,4947,4948,4952,4955,4956,4965,4973,4974,4976,4977,7836,7837,7841,7844
11708,11713,13173,13197,13230,13231,13249,13259,13277,13280,14933,14934,14937,14941
11641,11650,11656,11659,11670,11671,11677,11679,11680,11682,13701,13702,13707,13712
8263,8267,8268,8269,8282,8283,8294,8296,8300,8302,8303,10916,10917,10919,10926
15975,15987,15988,15989,15990,15991,15994,16000,16001,16005,16006,16626,16627,16629,16632
3657,3682,3688,3701,3726,3727,3756,3773,3794,3823,3829,6996,6997,7003,7006
3471,3476,3477,3483,3504,3505,3539,3567,3645,3646,6669,6716,6733,6740
13743,13765,13906,13916,13927,13928,13937,13940,13941,13944,15386,15387,15390,15391
3280,3299,3514,3558,3613,3627,3649,3693,3759,3763,6861,6862,6864,6866
1529,1567,1594,1630,1675,1676,1722,1772,2273,2306,2307,4104,4105,4107,4117
5165,5176,5300,5316,5327,5329,5351,5369,5374,5383,5388,8321,8326,8330,8338
10017,10020,10021,10022,10024,10025,10030,10031,10032,10033,12397,12398,12401,12404
10150,10158,10159,10160,10180,10182,10213,10247,10258,10263,10270,12623,12624,12627,12635
10299,10304,10305,10306,10314,10315,10319,10325,10327,10332,10333,12700,12701,12704,12711
8948,8952,10170,10174,10195,10196,10220,10240,10261,10273,10274,12653,12654,12657,12660
2298,2334,2852,2904,2989,2990,3011,3231,3263,3270,5912,5913,5915,5919
16702,16710,16711,16712,16717,16718,16721,16727,16731,16732,16733,16991,16994,17000,17001
12033,12038,12039,12040,12048,12051,12054,12060,12062,12063,12064,14099,14100,14102,14107
13289,13296,13299,13303,13310,13311,13322,13328,13329,13335,13338,14966,14967,14971,14982
8036,8053,8422,8461,8483,8544,8580,8605,8660,8673,8674,11467,11468,11476,11486
8789,8798,8799,8805,8817,8818,8823,8829,8830,8832,8833,11568,11569,11575,11576
7790,7800,9404,9421,9443,9444,9480,9484,9502,9504,11884,11885,11895,11898
9109,9118,9119,9122,9133,9134,9146,9147,9148,9149,11739,11740,11741,11744
4538,4541,4542,4548,4559,4560,4569,4570,4573,4574,4575,7579,7580,7585,7589
6310,6336,6464,6505,6580,6581,6589,6658,6675,6677,9574,9575,9580,9582
10969,10986,11908,11922,11948,11949,11966,11990,12005,12006,14036,14037,14038,14047
16521,16531,16532,16537,16538,16539,16548,16549,16550,16552,16553,16898,16899,16900,16901
2094,2127,3508,3543,3589,3590,3599,3723,3811,3814,6961,6962,6963,6965
15082,15091,15095,15105,15115,15116,15119,15127,15128,15130,15131,16089,16090,16092,16107
7555,7564,9401,9426,9460,9461,9489,9499,9526,9527,10970,10971,10996,11042
1952,2018,2036,2041,2066,2067,2102,2374,2491,2492,4590,4592,4601
15516,15528,15529,15531,15545,15546,15553,15557,15559,15560,16372,16373,16374,16375
6972,6990,6991,6994,7009,7010,7019,7032,7034,7036,7037,10005,10006,10007,10008
16589,16604,16605,16606,16607,16608,16613,16614,16616,16617,16924,16925,16930,16932
6757,6764,10974,10993,11012,11017,11046,11089,11124,11125,13343,13344,13353,13357
7515,7523,8417,8458,8488,8489,8520,8579,8598,8601,11230,11232,11236,11240
15754,15757,15758,15763,15765,15766,15775,15782,15783,15785,15786,16494,16495,16502,16507
4531,4545,6479,6495,6527,6528,6552,6665,6721,6723,9773,9774,9775,9779
7577,7597,9477,9494,9518,9519,9538,9554,9557,9559,12073,12074,12077,12083
17066,17074,17075,17077,17081,17082,17091,17100,17102,17103,17105,17139,17140,17143,17146
12898,12922,12924,12928,12938,12939,12946,12947,12948,12950,12951,14681,14682,14683,14689
14212,14231,14802,14811,14820,14821,14826,14829,14844,14845,15885,15886,15894,15897
12434,12451,12454,12456,12458,12459,12460,12463,12474,12475,14339,14340,14342,14343
2969,3019,3496,3538,3595,3598,3656,3692,3764,3766,6869,6870,6880,6882
13699,13705,13706,13710,13717,13718,13726,13730,13732,13737,13738,15176,15177,15181,15184
6278,6289,6492,6519,6572,6600,6621,6698,6731,6735,9823,9825,9831,9834
11247,11251,11252,11254,11255,11256,11267,11268,11271,11272,11273,13480,13481,13494,13499
5186,5197,5432,5460,5536,5537,5617,5688,5760,5761,8910,8911,8913,8916
10806,10824,10981,11006,11038,11039,11047,11088,11127,11130,13369,13370,13374,13375
7413,7433,7436,7438,7453,7454,7461,7466,7468,7471,10340,10341,10347,10356
10652,10659,10660,10663,10669,10670,10681,10689,10692,10694,10697,12953,12954,12957,12963
14470,14472,14836,14846,14853,14854,14879,14898,14903,14907,14909,15966,15967,15971,15974
12209,12224,12225,12232,12239,12240,12252,12263,12267,12268,12272,14210,14211,14213,14217
8030,8048,8049,8050,8051,8052,8063,8066,8068,8071,8072,10699,10700,10703,10705
11899,11950,11969,11992,12014,12015,12021,12022,13135,13136,13155,13164
4350,4377,4378,4384,4399,4400,4410,4411,4413,4416,7530,7531,7532,7534
7990,8009,10972,10990,11023,11024,11065,11094,11122,11129,11132,13376,13377,13381,13383
2161,2179,2824,2876,2926,2927,2961,3241,3367,3369,6239,6240,6241,6248
13800,13813,13815,13819,13830,13832,13844,13862,13863,13866,13867,15326,15327,15334,15340
15843,15863,16404,16406,16417,16418,16427,16442,16443,16449,16451,16838,16839,16841,16846
12807,12824,12826,12827,12831,12832,12836,12839,12842,12843,12844,14599,14600,14602,14608
5909,5914,7920,7928,7950,7951,7968,7972,7974,7975,7976,10655,10656,10658,10665
6141,6147,7922,7927,7931,7932,7944,7957,7963,7964,10650,10651,10653,10654
6019,6035,6036,6040,6057,6058,6066,6076,6082,6084,6085,9216,9217,9222,9226
1639,1716,1739,1761,1786,1794,1851,1878,2177,2352,2354,4248,4250,4252,4259
5103,5132,5256,5268,5285,5286,5297,5310,5338,5347,5348,8261,8262,8265,8270
7337,7356,8411,8431,8469,8470,8546,8551,8642,8644,11348,11351,11354,11355
2481,2513,2514,2522,2533,2534,2553,2614,2619,2624,4959,4962,4964,4966
5549,5616,6477,6497,6529,6530,6615,6645,6687,6689,9612,9613,9618,9627
16479,16489,16491,16492,16503,16504,16506,16512,16513,16517,16518,16886,16887,16892,16893
11684,11696,12981,12985,12992,12993,13012,13017,13026,13029,14731,14732,14735,14737
7173,7179,7180,7184,7194,7195,7209,7215,7224,7226,7227,10078,10079,10080,10081
7733,7750,8096,8103,8128,8129,8146,8174,8213,8214,10821,10822,10823,10827
1421,1475,2570,2580,2589,2596,2609,2626,2655,2659,5045,5046,5058
3982,3987,3988,3994,3996,3997,4002,4003,4005,4006,7232,7233,7236,7239
8903,8912,11146,11151,11154,11155,11156,11157,11159,11160,13429,13430,13434,13438
8955,8965,8966,8967,8975,8976,8985,8992,8995,8999,9000,11666,11667,11675,11683
3474,3484,3517,3534,3562,3563,3631,3700,3750,3753,6844,6845,6846,6853
4588,4598,4765,4777,4804,4806,4836,4852,4869,4880,4881,7745,7746,7754,7763
9901,9918,9919,9921,9935,9936,9943,9950,9953,9956,9957,12371,12372,12375,12377
1914,1979,1994,2009,2045,2046,2095,2382,2477,2480,4528,4529,4532,4535
2709,2722,2849,2910,2977,3040,3100,3143,3319,3334,3335,6119,6120,6124,6126
12677,12683,12684,12685,12693,12694,12703,12705,12707,12708,12709,14496,14497,14499,14510
11411,11421,11423,11428,11429,11431,11439,11451,11452,11456,11457,13547,13548,13552,13556
3822,3835,3840,3847,3868,3869,3875,3880,3883,3886,7133,7134,7140
12735,12740,13172,13189,13217,13218,13242,13247,13250,13267,13268,13823,13824,13831,13843
4982,4987,4989,4990,4995,4996,5001,5011,5015,5017,5018,7846,7847,7860,7869
4116,4148,4151,4153,4154,4155,4171,4174,4177,4182,4183,7327,7328,7340,7348
1844,1877,1897,1921,1950,1953,1998,2418,2427,2429,4403,4408,4414,4417
15583,15590,15591,15593,15594,15595,15600,15606,15609,15610,15611,16388,16389,16392,16398
2377,2419,2828,2866,2944,2945,2957,3242,3371,3372,6259,6260,6267,6277
4630,4633,5302,5320,5333,5334,5358,5378,5389,5390,8339,8340,8344,8360
2098,2146,2162,2185,2209,2210,2231,2330,2524,2535,4678,4679,4681,4683
13532,13536,13539,13540,13542,13543,13546,13553,13555,13560,13561,15083,15084,15088,15094
4021,4023,5431,5458,5490,5491,5581,5707,5727,5728,8772,8773,8777,8788
14419,14424,14425,14427,14435,14436,14442,14450,14451,14459,14461,15688,15689,15691,15693
1462,1512,1539,1550,1578,1579,1629,1905,2147,2157,3852,3858,3879,3888
3227,3244,3247,3260,3268,3269,3288,3310,3337,3374,3375,6280,6281,6295,6309
16648,16661,16663,16665,16668,16669,16674,16678,16680,16685,16686,16949,16950,16952,16958
3357,3395,3404,3410,3421,3422,3432,3433,3434,3435,6400,6401,6414
10280,10289,10980,10991,11019,11020,11032,11052,11078,11080,13168,13169,13199,13234
16132,16139,16140,16145,16149,16150,16166,16167,16170,16171,16724,16725,16730,16734
4546,4557,6478,6522,6564,6608,6618,6649,6684,6709,6710,9694,9695,9703,9717
8017,8025,10973,10989,11007,11008,11036,11062,11069,11105,11106,13298,13300,13305,13313
2243,2292,2299,2309,2329,2331,2341,2516,2555,2557,4720,4721,4730,4746
4342,4358,4359,4363,4373,4374,4393,4394,4397,4398,7516,7517,7520
5920,5924,5925,5926,5935,5936,5946,5947,5950,5958,5960,9164,9165,9167,9173
10052,10057,10978,10988,10998,11013,11053,11082,11097,11118,11119,13323,13324,13326,13331
1809,1868,1873,1896,1927,1951,1997,2037,2392,2457,2471,4493,4494,4499,4508
2761,2779,2780,2787,2803,2804,2829,2919,3063,3179,3200,5805,5811,5812,5813
6399,6408,6409,6411,6425,6426,6434,6436,6437,6440,6442,9367,9368,9371,9376
15247,15263,15266,15270,15272,15273,15276,15277,15278,15280,16197,16198,16199,16205
3204,3213,3490,3503,3535,3536,3594,3628,3702,3747,3757,6831,6833,6841,6842
1332,1362,1367,1374,1388,1391,1407,1435,1481,1526,1528,2703,2713,2737,2760
11384,11406,13174,13192,13222,13223,13240,13256,13260,13275,13276,14926,14927,14930,14932
6374,6386,6389,6393,6394,6395,6413,6419,6423,6427,6428,9356,9357,9360,9363
15121,15133,15134,15139,15142,15144,15146,15147,15148,15149,16112,16113,16118,16121
2898,2972,3044,3097,3124,3137,3145,3156,3307,3341,3343,6159,6160,6163,6165
9129,9141,9142,9144,9153,9154,9159,9168,9170,9171,9172,11757,11758,11760,11765
3461,3486,3494,3501,3560,3561,3616,3704,3745,3751,6796,6797,6806,6809
11176,11189,11190,11192,11207,11208,11210,11212,11213,11214,13444,13445,13447,13448
6859,6871,11907,11918,11938,11939,11973,11988,12011,12013,14048,14049,14053,14061
11469,11475,12750,12760,12766,12767,12772,12781,12786,12788,12789,14551,14552,14556,14560
2816,2856,3515,3547,3596,3597,3640,3698,3706,3710,6750,6751,6754,6756
12152,12162,12163,12166,12172,12173,12179,12181,12184,12186,12187,14179,14180,14182,14185
4217,4232,4233,4236,4242,4243,4251,4254,4256,4257,4258,7425,7426,7428,7430
10657,10661,10662,10664,10672,10673,10680,10687,10691,10693,10695,12942,12943,12945,12952
10358,10371,10372,10373,10379,10380,10386,10388,10389,10390,12736,12737,12739,12742
5984,5994,5995,5997,6004,6005,6013,6020,6022,6027,6029,9193,9194,9195,9196
16758,16764,16765,16767,16772,16773,16782,16790,16795,16797,16798,17019,17020,17022,17023
6968,6982,8418,8454,8499,8528,8554,8636,8665,8667,11426,11427,11430,11433
6088,6097,8113,8135,8157,8158,8182,8211,8234,8235,10842,10843,10844,10845
16714,16722,16726,16728,16737,16738,16741,16745,16747,16748,16749,17002,17003,17006,17009
5221,5229,5255,5262,5278,5281,5298,5346,5353,5354,8272,8273,8274,8281
1410,1442,1460,1479,1507,1508,1536,1592,1946,1947,3440,3441,3442,3451
1665,1721,2012,2033,2063,2064,2152,2358,2498,2505,4618,4619,4622,4627
8361,8382,8390,8402,8452,8453,8500,8584,8594,8596,11197,11202,11209,11217
14474,14482,14484,14487,14488,14489,14498,14502,14504,14506,14507,14690,14691,14692,14693
2085,2132,2136,2165,2187,2192,2222,2249,2323,2539,2543,4689,4690,4693,4697
12467,12472,13170,13178,13200,13201,13229,13255,13261,13271,13273,14922,14923,14924,14925
9696,9705,9706,9711,9723,9724,9739,9743,9746,9748,9750,12217,12218,12222,12226
2933,3050,3066,3089,3120,3121,3161,3182,3301,3339,3345,6142,6143,6144,6149
4562,4576,6482,6510,6538,6539,6611,6638,6690,6705,6707,9666,9667,9669,9678
7159,7176,7177,7178,7182,7183,7193,7206,7207,7213,7219,10074,10075,10076,10077
9073,9082,10172,10181,10214,10215,10246,10268,10272,10282,10283,12661,12662,12663,12667
14341,14348,14349,14351,14360,14361,14367,14382,14385,14386,14387,15655,15656,15658,15660
3790,3798,3804,3816,3830,3831,3851,3861,3867,3870,7091,7092,7094,7099
9721,9726,9727,9729,9730,9731,9745,9747,9749,9751,12227,12228,12233,12238
11790,11801,11802,11804,11817,11818,11821,11823,11825,11826,11827,13789,13790,13796,13798
1974,2016,4794,4805,4837,4838,4867,4889,4893,4897,4899,7796,7797,7803,7804
6885,6891,6892,6893,6894,6895,6913,6921,6924,6929,6931,9976,9977,9978,9982
1831,1890,1913,1932,1964,1965,2000,2032,2398,2446,2448,4450,4451,4463,4472
7558,7562,7563,7567,7578,7581,7586,7594,7595,7599,7600,10382,10383,10391,10392
13757,13769,13771,13775,13776,13777,13783,13784,13786,13791,13792,15219,15220,15221,15222
4070,4081,4793,4808,4858,4864,4888,4895,4902,4903,7805,7806,7808,7812
16022,16035,16042,16043,16052,16053,16062,16073,16078,16081,16082,16646,16647,16650,16653
1375,1384,1396,1422,1461,1466,1506,1723,1766,1787,2819,2883,2954,3237
13379,13386,13388,13390,13393,13394,13397,13398,13400,13403,13404,15027,15028,15031,15037
13691,13700,13703,13704,13708,13709,13720,13735,13739,13745,13749,15185,15186,15188,15189
1311,1313,1314,1316,1327,1328,1352,1357,1365,1370,1373,1377,1378,1401,1425
9585,9591,9592,9596,9602,9603,9610,9615,9617,9619,9620,12129,12130,12133,12137
9635,9648,9649,9651,9654,9655,9664,9670,9673,9675,9676,12168,12169,12171,12175
12257,12269,12271,12277,12286,12287,12297,12309,12310,12312,12313,14226,14227,14233,14240
7242,7256,8408,8433,8465,8466,8498,8585,8591,8593,11184,11185,11188,11196
4915,4938,5384,5395,5400,5401,5475,5514,5547,5713,5718,8714,8715,8718,8732
3069,3090,3116,3140,3168,3169,3189,3300,3346,3348,6167,6168,6171
9758,9762,10608,10613,10622,10623,10633,10639,10641,10642,10643,12933,12934,12937,12941
2886,3000,3014,3072,3110,3111,3147,3317,3338,3342,6127,6128,6132,6140
16077,16098,16100,16106,16110,16111,16114,16115,16116,16117,16682,16684,16687,16694
1472,1543,1548,1572,1597,1635,1671,1694,1818,2265,2266,4011,4015,4016,4017
7908,7913,7914,7916,7929,7930,7939,7948,7960,7961,10645,10646,10647,10649
4218,4231,5387,5402,5411,5412,5471,5481,5548,5622,8405,8440,8550,8612
1883,1915,2567,2578,2606,2611,2629,2654,2680,2681,5081,5084,5091
2853,2923,2991,3022,3095,3096,3131,3326,3381,3387,6356,6357,6363,6364
12636,12643,12644,12649,12655,12656,12659,12664,12665,12669,12670,14475,14476,14477,14478
12777,12798,12800,12804,12809,12810,12819,12821,12822,12823,14593,14594,14595,14598
15661,15672,15674,15676,15679,15680,15690,15698,15702,15703,15704,16469,16470,16472,16473
14801,14807,15286,15292,15303,15304,15311,15312,15314,15315,16223,16224,16227,16233
15956,15960,15961,15968,15972,15973,15978,15979,15982,15983,16619,16620,16623,16625
3653,3670,3683,3697,3724,3725,3748,3774,3793,3832,3834,7007,7008,7014,7026
8086,8119,8124,8134,8169,8170,8189,8216,8231,8237,8238,10847,10848,10849,10850
7894,7904,7905,7906,7911,7912,7924,7933,7936,7940,7945,10625,10626,10628,10634
3259,3266,6474,6500,6506,6507,6524,6546,6646,6655,9402,9403,9423,9459
7349,7353,7359,7373,7400,7401,7411,7416,7418,7420,7423,10310,10311,10316,10328
1599,1616,1664,1703,1714,1715,1743,1751,2289,2293,4068,4069,4075,4083
7316,7334,7336,7342,7360,7361,7377,7393,7398,7407,7408,10300,10301,10303,10309
10099,10121,10976,10995,11000,11001,11028,11064,11111,11115,13314,13315,13318,13319
1471,1499,1521,1531,1580,1581,1609,1923,2116,2117,3809,3815,3846
17038,17053,17054,17060,17063,17064,17071,17083,17085,17089,17090,17125,17126,17131,17132
7011,7024,7025,7030,7042,7043,7058,7068,7069,7072,7074,10013,10014,10015,10016
9882,9884,9885,9888,9903,9904,9917,9922,9925,9931,9932,12350,12351,12353,12363
11243,11245,12485,12499,12502,12504,12510,12527,12560,12582,12584,14397,14398,14403,14406
2079,2141,2846,2911,2975,3042,3102,3127,3327,3390,3392,6365,6366,6369,6371
2238,2262,2845,2901,2985,2986,3012,3230,3271,3278,5921,5922,5923,5927
8971,8987,9476,9503,9522,9523,9547,9562,9563,9565,9566,12102,12103,12104,12108
16137,16146,16148,16151,16157,16158,16174,16180,16181,16183,16184,16735,16736,16740,16742
9270,9290,9383,9387,9391,9392,9420,9437,9438,9448,9455,11872,11873,11879,11882
2689,2702,2847,2902,2983,2984,3029,3221,3282,3290,5969,5970,5972,5983
12699,12710,12712,12716,12720,12721,12729,12730,12732,12733,14512,14513,14517
5932,5937,5939,5940,5961,5962,5974,5978,5982,5987,5988,9182,9183,9184,9191
6050,6056,6472,6498,6525,6526,6569,6662,6671,6672,9540,9553,9560,9567
10708,10710,10712,10713,10727,10728,10745,10759,10760,10769,10770,12482,12483,12493,12522
4692,4696,6480,6518,6566,6567,6591,6657,6678,6681,9583,9584,9588,9593
10734,10756,12748,12752,12762,12763,12775,12790,12791,12793,12794,14562,14563,14565,14570
10590,10616,10977,10997,11040,11041,11073,11104,11120,11123,13332,13333,13340,13342
11347,11359,11361,11368,11378,11379,11393,11400,11403,11404,11405,13530,13531,13533,13534
8059,8073,10222,10233,10259,10260,10267,10276,10284,10286,12671,12672,12676
9780,9794,9795,9796,9797,9798,9803,9804,9809,9812,9813,12274,12275,12278,12282
4420,4433,4434,4436,4445,4446,4459,4477,4478,4483,4485,7548,7549,7550,7551
3264,3287,3519,3546,3587,3606,3622,3659,3686,3767,3768,6883,6884,6887,6896
12276,12279,12280,12281,12289,12290,12291,12293,12294,12295,14218,14219,14223,14225
5702,5714,5717,5723,5730,5731,5739,5793,5801,5803,9079,9080,9083
14956,14968,14969,14973,14976,14977,14979,14981,14984,14988,15997,15998,15999,16008
16634,16638,16639,16642,16651,16652,16654,16655,16659,16660,16703,16704,16709,16713
4100,4113,5442,5497,5567,5568,5571,5708,5725,5733,8756,8757,8759,8762
4340,4356,4357,4361,4369,4372,4380,4381,4385,4386,7504,7505,7513,7514
10162,10205,10211,10231,10256,10257,10275,10281,10287,10288,12678,12679,12682,12687
5020,5025,5029,5032,5037,5038,5048,5055,5057,5061,5063,7909,7910,7917,7919
9197,9205,9384,9393,9410,9419,9435,9436,9440,9450,11858,11859,11861,11870
9262,9286,9289,9294,9299,9300,9308,9310,9311,9312,11840,11841,11842,11843
6202,6211,8323,8332,8352,8353,8366,8385,8397,8403,8441,9475,9485,9501,9539
16612,16621,16622,16624,16628,16630,16633,16640,16641,16645,16649,16934,16937,16938,16947
1762,1816,1829,1870,1910,1911,1978,1992,2424,2428,4370,4371,4387,4402
3899,3910,3912,3916,3917,3925,3935,3943,3946,3950,3951,7174,7175,7181,7186
4686,4694,5435,5459,5529,5530,5620,5687,5763,5767,8917,8920,8923,8924
15430,15435,15436,15445,15451,15452,15459,15461,15463,15466,16316,16317,16324,16332
12101,12107,13137,13142,13149,13150,13166,13167,13180,13193,13904,13910,13915,13925
11498,11499,11500,11502,11505,11506,11513,11523,11525,11527,11530,13599,13600,13603,13604
13984,13990,13991,13992,13998,13999,14003,14007,14011,14013,15421,15422,15424,15428
1709,1754,1757,1798,1850,1857,1898,1930,2115,2370,2372,4274,4275,4277,4283
3593,3658,5421,5467,5523,5524,5543,5715,5796,5797,9053,9056,9060,9067
1792,1838,2843,2855,2888,2889,2916,3099,3154,3157,5659,5661,5773,5800
7835,7859,7861,7865,7873,7874,7880,7897,7900,7902,7903,10577,10578,10579,10581
11167,11178,11179,11182,11186,11187,11199,11215,11219,11222,11223,13450,13451,13452,13453
1887,1933,1968,1991,2034,2044,2060,2081,2384,2478,2479,4536,4537,4539,4550
3455,3481,6475,6493,6536,6560,6598,6656,6674,6676,9568,9569,9572,9573
2520,2540,2848,2917,2992,2993,3010,3232,3257,3258,5880,5881,5888,5897
12713,12718,12719,12725,12727,12728,12738,12741,12751,12757,12759,14519,14520,14527,14534
5059,5075,5077,5083,5087,5088,5108,5114,5120,5126,5127,7981,7982,7983,7993
1644,1669,2827,2869,2940,2941,3052,3091,3151,3318,3323,6089,6090,6091,6093
2550,2593,2603,2618,2623,2637,2656,2685,2716,2740,2749,5161,5162,5166,5172
2288,2321,5073,5078,5100,5101,5113,5134,5135,5140,5141,8005,8006,8010,8014
6008,6024,6025,6026,6042,6043,6061,6070,6074,6075,6079,9208,9209,9210,9214
3604,3655,5433,5468,5484,5485,5556,5710,5719,5720,8735,8736,8740,8742
4119,4147,5430,5464,5539,5542,5621,5686,5764,5771,8926,8927,8928,8929
1595,1656,1672,1698,1711,1712,1747,1775,2271,2305,2308,4092,4093,4099,4103
12612,12625,12626,12628,12629,12630,12641,12645,12647,12650,12652,14468,14469,14471,14473
6370,6378,6488,6516,6579,6596,6641,6667,6718,6738,6739,9858,9860,9866,9879
15605,15616,15617,15621,15627,15628,15638,15640,15642,15644,16401,16402,16408,16411
7081,7095,7096,7097,7112,7113,7122,7125,7127,7128,7129,10040,10041,10047,10051
6769,6782,6783,6784,6785,6786,6788,6800,6801,6804,6805,9892,9893,9894,9897
1492,1563,1566,1569,1600,1601,1659,1875,2188,2189,3900,3901,3902
11603,11610,11611,11612,11626,11627,11636,11644,11647,11648,11654,13657,13658,13666,13673
13165,13195,13198,13207,13237,13238,13270,13278,13282,13284,14949,14950,14953,14955
14035,14050,14052,14058,14067,14068,14071,14083,14084,14090,14091,14803,14804,14815,14827
12525,12549,12550,12553,12565,12566,12579,12587,12595,12596,14457,14458,14460,14463
3940,3949,6487,6513,6577,6578,6627,6651,6683,6711,6713,9718,9719,9722,9732
11313,11321,11322,11323,11328,11329,11342,11343,11350,11352,11353,13512,13513,13517,13521
9630,9638,9639,9643,9646,9647,9652,9653,9656,9657,12153,12156,12161,12167
15200,15207,15210,15218,15228,15229,15243,15254,15255,15261,15262,16177,16178,16179,16187
11218,11234,11235,11237,11238,11239,11253,11259,11261,11264,11266,13468,13469,13475,13479
13077,13079,13080,13081,13085,13086,13087,13089,13090,13091,14789,14790,14792,14796
5942,5953,5955,5959,5963,5964,5973,5975,5976,5979,5980,9175,9176,9180,9181
15227,15244,15248,15256,15264,15265,15274,15279,15282,15289,15290,16216,16217,16219,16221
11164,11170,11171,11172,11180,11181,11193,11195,11201,11204,11205,13440,13441,13442,13443
5814,5828,6471,6501,6542,6543,6614,6647,6688,6691,9628,9629,9631,9634
2790,2810,2811,2813,2877,2878,2937,3061,3185,3190,5825,5826,5832
7999,8002,8426,8455,8507,8508,8566,8619,8650,8651,11385,11386,11387,11392
1547,1583,1612,1617,1657,1658,1691,1828,2247,2248,3980,3984,3992,3998
12370,12376,12487,12500,12533,12534,12551,12570,12593,12594,14444,14445,14446,14455
4705,4716,4717,4722,4738,4739,4742,4756,4758,4770,4771,7644,7645,7652,7655
9668,9682,9683,9685,9688,9689,9700,9708,9714,9715,9716,12190,12191,12197,12205
1719,1781,1797,1808,1848,1858,1885,2174,2356,2357,4260,4261,4263,4265
4691,4695,5258,5260,5279,5280,5292,5309,5328,5335,8227,8246,8248,8250
15630,15635,15636,15643,15650,15651,15659,15664,15665,15667,15668,16432,16433,16439,16457
6158,6164,6166,6170,6176,6177,6188,6190,6193,6196,6197,9259,9260,9266,9269
13045,13047,13048,13049,13050,13051,13056,13057,13058,13059,14765,14766,14771,14774
2349,2390,2395,2401,2421,2422,2455,2561,2584,2586,4849,4856,4875,4901
6701,6729,7647,7648,7649,7650,7667,7675,7682,7694,7695,10415,10416,10422,10447
2120,2173,5437,5496,5574,5575,5597,5704,5743,5746,8826,8827,8828,8837
14983,14996,14997,15002,15007,15008,15009,15011,15017,15018,16023,16024,16028,16034
7494,7506,7507,7511,7518,7519,7525,7537,7539,7540,7541,10376,10377,10378,10381
6368,6380,6489,6514,6535,6565,6590,6624,6697,6734,6736,9848,9849,9853,9855
16545,16556,16557,16558,16565,16566,16576,16579,16581,16582,16583,16908,16909,16912,16914
15884,15891,15892,15895,15904,15905,15911,15912,15915,15916,16574,16575,16584,16588
12170,12183,12185,12188,12195,12196,12201,12202,12203,12204,14186,14189,14192,14193
9822,9832,9833,9838,9842,9843,9856,9867,9868,9871,9873,12306,12307,12314,12326
1800,1843,1861,1902,1941,1942,1977,2015,2402,2405,4338,4339,4352
2597,2641,2664,2677,2707,2708,2731,2745,2751,2756,2757,5213,5214,5216,5224
16237,16243,16244,16252,16260,16261,16271,16275,16276,16281,16283,16762,16763,16766,16769
10448,10482,12747,12758,12773,12774,12785,12799,12801,12803,12806,14571,14572,14574,14577
